id,parent_id,topology__cycle,arch_dev__pot_flowering_date,arch_dev__pot_nb_fruit,topology__ancestor_is_apical,arch_dev_rep__nature,topology__ancestor_nature,arch_dev__nb_inflos,topology__is_apical,topology__appearance_month
0,NA,3,NaT,0,NA,0,NA,0,1,NA
1,0,3,NaT,0,NA,0,NA,0,0,NA
2,1,3,NaT,0,NA,0,NA,0,1,NA
3,2,3,NaT,0,NA,0,NA,0,0,NA
4,3,3,NaT,0,NA,0,NA,0,1,NA
5,4,3,NaT,0,NA,1,NA,0,1,NA
6,2,3,NaT,0,NA,0,NA,0,0,NA
7,6,3,NaT,0,NA,0,NA,0,1,NA
8,7,3,NaT,0,NA,0,NA,0,0,NA
9,7,3,NaT,0,NA,0,NA,0,1,NA
10,2,3,NaT,0,NA,0,NA,0,0,NA
11,10,3,NaT,0,NA,0,NA,0,0,NA
12,11,3,NaT,0,NA,0,NA,0,1,NA
13,10,3,NaT,0,NA,0,NA,0,0,NA
14,13,3,NaT,0,NA,0,NA,0,0,NA
15,13,3,NaT,0,NA,0,NA,0,1,NA
16,10,3,NaT,0,NA,0,NA,0,1,NA
17,16,3,NaT,0,NA,0,NA,0,1,NA
18,2,3,NaT,0,NA,0,NA,0,1,NA
19,18,3,NaT,0,NA,0,NA,0,0,NA
20,19,3,NaT,0,NA,0,NA,0,1,NA
21,20,3,NaT,0,NA,0,NA,0,0,NA
22,20,3,NaT,0,NA,0,NA,0,1,NA
23,18,3,NaT,0,NA,0,NA,0,0,NA
24,23,3,NaT,0,NA,0,NA,0,0,NA
25,24,3,NaT,0,NA,0,NA,0,1,NA
26,23,3,NaT,0,NA,0,NA,0,1,NA
27,26,3,NaT,0,NA,0,NA,0,1,NA
28,18,3,NaT,0,NA,0,NA,0,1,NA
29,28,3,NaT,0,NA,0,NA,0,1,NA
30,5,4,NaT,0,1,0,1,0,0,12
31,30,4,NaT,2,1,2,1,1,1,2
32,31,5,NaT,0,1,0,2,0,0,3
33,31,5,NaT,0,1,1,2,1,0,3
34,31,5,NaT,0,1,0,2,0,0,3
35,31,5,NaT,0,1,0,2,0,0,3
36,5,4,NaT,0,1,0,1,0,0,12
37,36,5,NaT,0,0,1,0,1,1,3
38,5,4,NaT,0,1,0,1,0,0,12
39,38,5,NaT,0,0,1,0,1,1,9
40,5,4,NaT,0,1,0,1,0,0,12
41,40,5,NaT,0,0,0,0,0,1,9
42,41,5,NaT,1,0,2,0,1,1,3
43,27,4,NaT,0,1,0,0,0,0,10
44,43,4,NaT,0,1,1,0,1,0,12
45,27,4,NaT,0,1,0,0,0,0,10
46,27,4,NaT,0,1,0,0,0,0,10
47,46,4,NaT,0,1,1,0,1,1,12
48,47,5,NaT,0,1,0,1,0,1,10
49,27,4,NaT,0,1,0,0,0,0,10
50,49,4,NaT,1,1,2,0,1,1,12
51,50,5,NaT,0,1,1,2,1,0,3
52,50,5,NaT,0,1,1,2,1,0,3
53,50,5,NaT,0,1,0,2,0,1,10
54,53,5,NaT,0,1,1,2,1,0,3
55,29,4,NaT,0,1,0,0,0,0,10
56,55,4,NaT,0,1,1,0,1,0,12
57,55,4,NaT,0,1,1,0,1,0,12
58,29,4,NaT,0,1,0,0,0,0,10
59,29,4,NaT,0,1,0,0,0,0,10
60,2,4,NaT,0,1,0,0,0,0,10
61,9,4,NaT,0,1,0,0,0,0,10
62,61,4,NaT,0,1,0,0,0,1,12
63,62,4,NaT,1,1,2,0,1,0,3
64,62,4,NaT,0,1,1,0,1,0,3
65,62,4,NaT,0,1,1,0,1,1,3
66,65,5,NaT,0,1,0,1,0,0,3
67,65,5,NaT,1,1,2,1,1,0,3
68,65,5,NaT,0,1,1,1,1,0,3
69,65,5,NaT,0,1,1,1,1,0,3
70,65,5,NaT,1,1,2,1,1,0,3
71,65,5,NaT,0,1,1,1,1,0,3
72,63,5,NaT,0,0,1,2,1,0,3
73,64,5,NaT,1,0,2,1,1,0,3
74,64,5,NaT,0,0,1,1,1,0,3
75,64,5,NaT,0,0,1,1,1,0,3
76,9,4,NaT,0,1,0,0,0,0,10
77,76,4,NaT,0,1,0,0,0,1,12
78,77,4,NaT,3,1,2,0,1,1,4
79,9,4,NaT,0,1,0,0,0,0,10
80,79,4,NaT,0,1,0,0,0,1,12
81,80,5,NaT,0,1,1,0,1,0,3
82,80,5,NaT,0,1,1,0,1,0,3
83,80,5,NaT,0,1,1,0,1,0,3
84,9,4,NaT,0,1,0,0,0,0,10
85,84,4,NaT,0,1,0,0,0,1,12
86,85,4,NaT,3,1,2,0,1,1,3
87,86,5,NaT,0,1,1,2,1,0,3
88,86,5,NaT,0,1,1,2,1,0,3
89,86,5,NaT,1,1,2,2,1,0,3
90,86,5,NaT,0,1,1,2,1,0,3
91,86,5,NaT,0,1,1,2,1,0,3
92,86,5,NaT,0,1,1,2,1,0,3
93,17,4,NaT,0,1,0,0,0,0,10
94,93,4,NaT,0,1,0,0,0,1,12
95,17,4,NaT,0,1,0,0,0,0,10
96,17,4,NaT,0,1,0,0,0,0,10
97,96,4,NaT,0,1,0,0,0,1,12
98,97,4,NaT,0,1,1,0,1,0,4
99,97,4,NaT,1,1,2,0,1,1,4
100,97,5,NaT,0,1,1,0,1,0,3
101,17,4,NaT,0,1,0,0,0,0,10
102,101,4,NaT,0,1,0,0,0,1,12
103,102,4,NaT,0,1,1,0,1,0,4
104,102,4,NaT,0,1,1,0,1,0,4
105,102,4,NaT,0,1,1,0,1,0,4
106,102,4,NaT,0,1,0,0,0,1,4
107,106,5,NaT,0,1,0,0,0,0,3
108,103,5,NaT,0,0,1,1,1,0,3
109,104,5,NaT,2,0,2,1,1,0,3
110,104,5,NaT,0,0,1,1,1,0,3
111,104,5,NaT,0,0,1,1,1,0,3
112,104,5,NaT,0,0,1,1,1,0,3
113,104,5,NaT,0,0,1,1,1,0,3
114,104,5,NaT,0,0,1,1,1,0,3
115,18,4,NaT,0,1,0,0,0,0,10
116,18,4,NaT,0,1,0,0,0,0,10
117,22,4,NaT,0,1,0,0,0,0,10
118,117,4,NaT,0,1,0,0,0,0,12
119,118,4,NaT,2,1,2,0,1,0,3
120,118,4,NaT,0,1,1,0,1,1,3
121,117,4,NaT,0,1,0,0,0,1,12
122,121,4,NaT,0,1,1,0,1,1,3
123,122,5,NaT,0,1,1,1,1,0,3
124,122,5,NaT,0,1,1,1,1,0,3
125,122,5,NaT,1,1,2,1,1,0,3
126,122,5,NaT,0,1,1,1,1,0,3
127,120,5,NaT,0,1,1,1,1,0,3
128,120,5,NaT,0,1,0,1,0,0,3
129,25,4,NaT,0,1,1,0,1,0,12
130,25,4,NaT,0,1,1,0,1,0,12
131,12,4,NaT,0,1,0,0,0,0,12
132,11,4,NaT,0,0,0,0,0,0,10
133,15,4,NaT,0,1,0,0,0,0,10
134,133,4,NaT,0,1,0,0,0,1,12
135,134,4,NaT,1,1,2,0,2,1,4
136,134,5,NaT,0,1,0,0,0,0,3
137,15,4,NaT,0,1,0,0,0,0,10
138,137,4,NaT,0,1,0,0,0,1,12
139,138,4,NaT,0,1,1,0,1,0,4
140,138,4,NaT,1,1,2,0,2,0,4
141,138,4,NaT,0,1,1,0,1,1,4
142,141,5,NaT,0,1,0,1,0,0,3
143,141,5,NaT,0,1,0,1,0,0,3
144,141,5,NaT,0,1,1,1,1,0,3
145,141,5,NaT,0,1,1,1,1,0,3
146,141,5,NaT,0,1,0,1,0,0,3
147,14,4,NaT,0,0,0,0,0,0,10
148,147,4,NaT,0,0,0,0,0,1,12
149,148,4,NaT,0,0,1,0,1,0,4
150,148,4,NaT,0,0,1,0,1,1,4
151,149,5,NaT,0,0,1,1,1,0,3
152,27,4,NaT,0,1,0,0,0,1,10
153,152,4,NaT,0,1,1,0,1,0,12
154,153,5,NaT,0,0,1,1,1,0,3
155,153,5,NaT,0,0,1,1,1,0,3
156,153,5,NaT,2,0,2,1,1,0,3
157,153,5,NaT,0,0,1,1,1,0,3
158,152,5,NaT,0,1,0,0,0,1,9
159,29,4,NaT,0,1,0,0,0,1,10
160,159,4,NaT,2,1,2,0,1,1,12
161,159,5,NaT,0,1,0,0,0,0,3
162,9,4,NaT,0,1,0,0,0,1,10
163,162,4,NaT,0,1,0,0,0,0,12
164,163,4,NaT,1,1,2,0,1,1,4
165,162,4,NaT,0,1,0,0,0,1,12
166,165,4,NaT,0,1,1,0,1,0,4
167,165,4,NaT,0,1,1,0,1,1,4
168,167,5,NaT,0,1,0,1,0,0,2
169,168,5,NaT,1,1,2,1,1,1,3
170,167,5,NaT,0,1,0,1,0,0,2
171,170,5,NaT,0,1,1,1,1,0,3
172,170,5,NaT,0,1,1,1,1,0,3
173,170,5,NaT,0,1,1,1,1,0,3
174,170,5,NaT,1,1,2,1,1,0,3
175,170,5,NaT,0,1,1,1,1,1,3
176,167,5,NaT,0,1,1,1,1,0,2
177,167,5,NaT,0,1,0,1,0,0,2
178,177,5,NaT,1,1,2,1,1,0,3
179,177,5,NaT,0,1,1,1,1,0,3
180,177,5,NaT,0,1,1,1,1,0,3
181,177,5,NaT,0,1,1,1,1,1,3
182,167,5,NaT,0,1,0,1,0,0,2
183,182,5,NaT,0,1,1,1,1,1,3
184,166,5,NaT,1,0,2,1,1,0,3
185,166,5,NaT,1,0,2,1,1,0,3
186,166,5,NaT,0,0,1,1,1,0,3
187,166,5,NaT,1,0,2,1,1,0,3
188,166,5,NaT,0,0,1,1,1,0,3
189,164,5,NaT,0,1,1,2,1,0,3
190,164,5,NaT,0,1,1,2,1,0,3
191,164,5,NaT,0,1,0,2,0,0,3
192,164,5,NaT,0,1,1,2,1,0,3
193,8,4,NaT,0,0,0,0,0,1,10
194,193,4,NaT,1,0,2,0,1,0,12
195,193,4,NaT,0,0,1,0,1,0,12
196,195,5,NaT,0,0,1,1,1,0,3
197,195,5,NaT,0,0,1,1,1,0,3
198,195,5,NaT,0,0,1,1,1,0,3
199,195,5,NaT,1,0,2,1,1,0,3
200,17,4,NaT,0,1,0,0,0,1,10
201,200,4,NaT,0,1,0,0,0,1,12
202,201,4,NaT,2,1,2,0,1,0,4
203,201,4,NaT,0,1,1,0,1,0,4
204,201,4,NaT,0,1,1,0,1,0,4
205,201,4,NaT,0,1,1,0,1,0,4
206,201,4,NaT,0,1,1,0,1,1,4
207,206,5,NaT,2,1,2,1,1,0,3
208,206,5,NaT,0,1,1,1,2,0,3
209,206,5,NaT,0,1,1,1,1,0,3
210,206,5,NaT,0,1,1,1,1,0,3
211,203,5,NaT,0,0,1,1,1,0,3
212,203,5,NaT,0,0,1,1,1,0,3
213,22,4,NaT,0,1,0,0,0,1,10
214,213,4,NaT,0,1,0,0,0,0,12
215,214,4,NaT,1,1,2,0,1,0,3
216,214,4,NaT,0,1,1,0,1,1,3
217,213,4,NaT,0,1,0,0,0,0,12
218,217,4,NaT,1,1,2,0,1,0,3
219,217,4,NaT,1,1,2,0,1,0,3
220,217,4,NaT,0,1,1,0,1,1,3
221,213,4,NaT,0,1,0,0,0,1,12
222,221,4,NaT,0,1,1,0,1,0,3
223,221,4,NaT,0,1,1,0,1,0,3
224,221,4,NaT,1,1,2,0,1,1,3
225,224,5,NaT,2,1,2,2,1,0,3
226,224,5,NaT,0,1,0,2,0,0,3
227,224,5,NaT,0,1,1,2,1,0,3
228,224,5,NaT,0,1,0,2,0,0,3
229,223,5,NaT,0,0,1,1,1,0,3
230,223,5,NaT,0,0,1,1,1,0,3
231,223,5,NaT,0,0,1,1,1,0,3
232,216,5,NaT,0,1,1,1,1,0,3
233,216,5,NaT,1,1,2,1,1,0,3
234,216,5,NaT,0,1,1,1,1,0,3
235,216,5,NaT,0,1,1,1,1,0,3
236,216,5,NaT,0,1,1,1,1,0,3
237,216,5,NaT,0,1,1,1,1,0,3
238,215,5,NaT,0,0,0,2,0,0,3
239,220,5,NaT,0,1,1,1,1,0,3
240,220,5,NaT,0,1,0,1,0,0,2
241,240,5,NaT,1,1,2,1,1,1,3
242,220,5,NaT,0,1,0,1,0,0,2
243,242,5,NaT,0,1,1,1,1,1,3
244,218,5,NaT,0,0,1,2,1,0,3
245,218,5,NaT,0,0,1,2,1,0,3
246,21,4,NaT,0,0,1,0,1,1,10
247,12,4,NaT,0,1,0,0,0,1,12
248,247,4,NaT,0,1,1,0,1,0,4
249,247,4,NaT,0,1,1,0,1,1,4
250,14,4,NaT,0,0,0,0,0,1,10
251,250,4,NaT,0,0,0,0,0,0,12
252,250,4,NaT,0,0,0,0,0,0,12
253,252,4,NaT,0,0,1,0,1,1,4
254,250,4,NaT,0,0,0,0,0,1,12
255,254,4,NaT,0,0,1,0,1,0,4
256,254,4,NaT,1,0,2,0,1,0,4
257,254,4,NaT,0,0,1,0,1,0,4
258,254,4,NaT,1,0,2,0,1,1,4
259,258,5,NaT,0,1,1,2,1,0,3
260,258,5,NaT,0,1,0,2,0,0,3
261,258,5,NaT,0,1,1,2,1,0,3
262,258,5,NaT,0,1,1,2,1,0,3
263,258,5,NaT,0,1,1,2,1,0,3
264,258,5,NaT,0,1,1,2,1,0,3
265,258,5,NaT,1,1,2,2,1,0,3
266,255,5,NaT,0,0,0,1,0,0,3
267,255,5,NaT,0,0,0,1,0,0,3
268,255,5,NaT,1,0,2,1,1,0,3
269,257,5,NaT,0,0,0,1,0,0,3
270,257,5,NaT,0,0,1,1,1,0,3
271,257,5,NaT,0,0,1,1,1,0,3
272,257,5,NaT,0,0,1,1,1,0,3
273,253,5,NaT,0,1,1,1,1,0,3
274,253,5,NaT,0,1,1,1,1,0,3
275,253,5,NaT,0,1,0,1,0,0,2
276,275,5,NaT,0,1,0,1,0,1,3
277,253,5,NaT,0,1,0,1,0,0,2
278,277,5,NaT,1,1,2,1,1,1,3
279,0,3,NaT,0,NA,0,NA,0,0,NA
280,279,3,NaT,0,NA,0,NA,0,1,NA
281,280,3,NaT,0,NA,0,NA,0,0,NA
282,281,3,NaT,0,NA,0,NA,0,1,NA
283,282,3,NaT,0,NA,0,NA,0,1,NA
284,283,3,NaT,0,NA,0,NA,0,1,NA
285,280,3,NaT,0,NA,0,NA,0,0,NA
286,285,3,NaT,0,NA,0,NA,0,1,NA
287,286,3,NaT,0,NA,0,NA,0,1,NA
288,287,3,NaT,0,NA,1,NA,0,0,NA
289,287,3,NaT,0,NA,0,NA,0,0,NA
290,287,3,NaT,0,NA,2,NA,0,1,NA
291,280,3,NaT,0,NA,0,NA,0,0,NA
292,291,3,NaT,0,NA,0,NA,0,1,NA
293,292,3,NaT,0,NA,0,NA,0,1,NA
294,293,3,NaT,0,NA,1,NA,1,0,NA
295,293,3,NaT,0,NA,0,NA,0,0,NA
296,293,3,NaT,0,NA,0,NA,0,0,NA
297,293,3,NaT,0,NA,0,NA,0,0,NA
298,293,3,NaT,1,NA,2,NA,0,0,NA
299,293,3,NaT,0,NA,0,NA,0,1,NA
300,280,3,NaT,0,NA,0,NA,0,0,NA
301,280,3,NaT,0,NA,0,NA,0,1,NA
302,301,3,NaT,0,NA,0,NA,0,1,NA
303,302,3,NaT,0,NA,0,NA,0,1,NA
304,303,3,NaT,0,NA,1,NA,0,0,NA
305,303,3,NaT,0,NA,1,NA,0,0,NA
306,303,3,NaT,0,NA,1,NA,0,0,NA
307,303,3,NaT,0,NA,2,NA,0,0,NA
308,303,3,NaT,0,NA,0,NA,0,0,NA
309,303,3,NaT,0,NA,1,NA,0,1,NA
310,309,4,NaT,0,1,0,1,0,0,12
311,310,4,NaT,1,1,2,1,1,1,2
312,310,5,NaT,0,0,0,0,0,0,3
313,311,5,NaT,0,1,0,2,0,0,3
314,311,5,NaT,0,1,0,2,0,0,3
315,304,5,NaT,0,0,0,1,0,0,3
316,305,5,NaT,0,0,0,1,0,0,3
317,306,5,NaT,0,0,0,1,0,0,3
318,307,5,NaT,0,0,1,2,1,0,3
319,308,5,NaT,0,0,0,0,0,0,3
320,299,4,NaT,0,1,0,0,0,0,10
321,320,4,NaT,0,1,0,0,0,1,11
322,321,4,NaT,0,1,0,0,0,1,1
323,322,5,NaT,2,1,2,0,1,0,3
324,322,5,NaT,0,1,1,0,1,0,3
325,322,5,NaT,0,1,1,0,1,0,3
326,322,5,NaT,0,1,1,0,1,0,3
327,322,5,NaT,0,1,1,0,1,0,3
328,322,5,NaT,0,1,1,0,1,0,3
329,297,4,NaT,0,0,0,0,0,0,10
330,297,4,NaT,0,0,0,0,0,0,10
331,330,4,NaT,0,0,0,0,0,1,12
332,331,4,NaT,1,0,2,0,2,1,2
333,331,5,NaT,0,1,1,0,1,0,3
334,332,5,NaT,0,1,1,2,1,0,3
335,332,5,NaT,0,1,1,2,1,0,3
336,332,5,NaT,1,1,2,2,1,0,3
337,332,5,NaT,0,1,1,2,1,0,3
338,332,5,NaT,0,1,1,2,1,0,3
339,332,5,NaT,0,1,0,2,0,0,3
340,284,4,NaT,0,1,0,0,0,0,11
341,340,4,NaT,0,1,1,0,1,1,1
342,309,4,NaT,0,1,0,1,0,1,10
343,299,4,NaT,0,1,0,0,0,1,10
344,343,4,NaT,0,1,0,0,0,1,11
345,344,4,NaT,1,1,2,0,1,0,1
346,344,4,NaT,1,1,2,0,1,1,1
347,346,5,NaT,1,1,2,2,1,0,3
348,346,5,NaT,0,1,1,2,1,0,3
349,346,5,NaT,0,1,1,2,1,0,3
350,346,5,NaT,0,1,1,2,1,0,3
351,346,5,NaT,1,1,2,2,1,0,3
352,346,5,NaT,0,1,1,2,1,0,3
353,346,5,NaT,0,1,0,2,0,0,3
354,346,5,NaT,0,1,1,2,1,0,3
355,345,5,NaT,0,0,1,2,1,0,3
356,345,5,NaT,0,0,1,2,1,0,3
357,345,5,NaT,0,0,1,2,1,0,3
358,295,4,NaT,0,0,0,0,0,1,10
359,358,4,NaT,0,0,0,0,0,1,12
360,359,4,NaT,1,0,2,0,1,0,2
361,359,4,NaT,1,0,2,0,1,1,2
362,361,5,NaT,1,1,2,2,1,0,3
363,361,5,NaT,0,1,1,2,1,0,3
364,361,5,NaT,0,1,1,2,1,0,3
365,361,5,NaT,1,1,2,2,1,0,3
366,296,4,NaT,0,0,0,0,0,1,10
367,366,4,NaT,0,0,0,0,0,0,11
368,367,4,NaT,1,0,2,0,4,1,1
369,366,4,NaT,0,0,0,0,0,1,11
370,369,4,NaT,0,0,1,0,2,1,1
371,370,5,NaT,0,1,0,1,0,0,3
372,370,5,NaT,2,1,2,1,1,0,3
373,370,5,NaT,0,1,1,1,1,0,3
374,370,5,NaT,0,1,1,1,1,0,3
375,370,5,NaT,0,1,1,1,1,0,3
376,368,5,NaT,0,1,1,2,1,0,3
377,368,5,NaT,0,1,0,2,0,0,3
378,368,5,NaT,0,1,1,2,1,0,3
379,368,5,NaT,1,1,2,2,1,0,3
380,368,5,NaT,0,1,1,2,1,0,3
381,368,5,NaT,0,1,1,2,1,0,3
382,368,5,NaT,0,1,1,2,1,0,3
383,297,4,NaT,0,0,0,0,0,1,10
384,383,4,NaT,0,0,0,0,0,1,11
385,384,4,NaT,1,0,2,0,1,0,1
386,384,4,NaT,0,0,1,0,1,0,1
387,384,4,NaT,0,0,1,0,1,0,1
388,384,4,NaT,0,0,1,0,1,0,1
389,384,4,NaT,0,0,1,0,1,0,1
390,384,4,NaT,1,0,2,0,6,1,1
391,390,5,NaT,0,1,1,2,1,0,3
392,390,5,NaT,0,1,1,2,1,0,3
393,390,5,NaT,1,1,2,2,1,0,3
394,390,5,NaT,0,1,1,2,1,0,3
395,390,5,NaT,0,1,1,2,1,0,3
396,390,5,NaT,1,1,2,2,1,0,3
397,390,5,NaT,0,1,1,2,1,0,3
398,386,5,NaT,0,0,1,1,1,0,3
399,386,5,NaT,0,0,1,1,1,0,3
400,386,5,NaT,1,0,2,1,1,0,3
401,386,5,NaT,0,0,1,1,1,0,3
402,386,5,NaT,0,0,1,1,1,0,3
403,387,5,NaT,0,0,1,1,1,0,3
404,387,5,NaT,0,0,1,1,1,0,3
405,387,5,NaT,0,0,1,1,1,0,3
406,387,5,NaT,0,0,1,1,1,0,3
407,388,5,NaT,0,0,1,1,1,0,3
408,388,5,NaT,0,0,1,1,1,0,3
409,388,5,NaT,0,0,1,1,1,0,3
410,388,5,NaT,1,0,2,1,1,0,3
411,389,5,NaT,0,0,1,1,1,0,3
412,389,5,NaT,0,0,1,1,1,0,3
413,284,4,NaT,0,1,0,0,0,1,10
414,413,4,NaT,0,1,0,0,0,0,11
415,414,4,NaT,0,1,1,0,1,1,1
416,413,4,NaT,0,1,0,0,0,0,11
417,416,4,NaT,2,1,2,0,1,1,1
418,413,4,NaT,0,1,0,0,0,1,11
419,418,4,NaT,0,1,1,0,1,1,1
420,0,3,NaT,0,NA,0,NA,0,0,NA
421,420,3,NaT,0,NA,0,NA,0,1,NA
422,421,3,NaT,0,NA,0,NA,0,0,NA
423,422,3,NaT,0,NA,0,NA,0,1,NA
424,423,3,NaT,0,NA,1,NA,0,1,NA
425,421,3,NaT,0,NA,0,NA,0,0,NA
426,425,3,NaT,0,NA,0,NA,0,1,NA
427,426,3,NaT,0,NA,1,NA,0,0,NA
428,426,3,NaT,0,NA,2,NA,0,0,NA
429,426,3,NaT,0,NA,2,NA,0,1,NA
430,421,4,NaT,0,1,0,0,0,0,7
431,430,4,NaT,0,1,0,0,0,1,9
432,422,4,NaT,0,0,0,0,0,0,10
433,432,5,NaT,0,0,0,0,0,0,3
434,422,4,NaT,0,0,0,0,0,0,9
435,424,4,NaT,0,1,0,1,0,0,2
436,435,4,NaT,1,1,2,1,1,1,4
437,424,4,NaT,0,1,1,1,1,0,2
438,424,4,NaT,0,1,1,1,1,0,2
439,423,5,NaT,0,1,0,0,0,0,3
440,423,5,NaT,0,1,0,0,0,0,3
441,423,5,NaT,0,1,0,0,0,0,3
442,429,5,NaT,0,1,0,2,0,0,9
443,442,5,NaT,0,1,1,2,1,1,3
444,429,5,NaT,0,1,0,2,0,0,9
445,444,5,NaT,0,1,1,2,1,1,3
446,429,5,NaT,1,1,2,2,1,0,9
447,429,5,NaT,0,1,0,2,0,0,9
448,447,5,NaT,0,1,1,2,1,1,3
449,427,5,NaT,0,0,0,1,0,0,3
450,0,3,NaT,0,NA,0,NA,0,0,NA
451,450,3,NaT,0,NA,0,NA,0,0,NA
452,451,3,NaT,0,NA,0,NA,0,1,NA
453,452,3,NaT,0,NA,0,NA,0,0,NA
454,453,3,NaT,0,NA,0,NA,0,1,NA
455,454,3,NaT,0,NA,1,NA,0,1,NA
456,452,3,NaT,0,NA,0,NA,0,1,NA
457,456,3,NaT,0,NA,0,NA,0,0,NA
458,457,3,NaT,0,NA,1,NA,0,1,NA
459,456,3,NaT,0,NA,0,NA,0,0,NA
460,459,3,NaT,0,NA,1,NA,0,1,NA
461,456,3,NaT,0,NA,1,NA,0,0,NA
462,461,3,NaT,0,NA,1,NA,0,0,NA
463,461,3,NaT,0,NA,1,NA,0,1,NA
464,456,3,NaT,0,NA,0,NA,0,1,NA
465,464,3,NaT,0,NA,0,NA,0,0,NA
466,464,3,NaT,0,NA,1,NA,0,0,NA
467,464,3,NaT,0,NA,0,NA,0,0,NA
468,464,3,NaT,0,NA,1,NA,0,1,NA
469,450,3,NaT,0,NA,0,NA,0,0,NA
470,469,3,NaT,0,NA,0,NA,0,1,NA
471,470,3,NaT,0,NA,0,NA,0,1,NA
472,471,3,NaT,0,NA,1,NA,0,0,NA
473,471,3,NaT,0,NA,1,NA,0,0,NA
474,471,3,NaT,0,NA,2,NA,0,1,NA
475,450,3,NaT,0,NA,0,NA,0,1,NA
476,475,3,NaT,0,NA,0,NA,0,0,NA
477,476,3,NaT,0,NA,0,NA,0,1,NA
478,477,3,NaT,0,NA,0,NA,0,1,NA
479,478,3,NaT,0,NA,1,NA,0,0,NA
480,478,3,NaT,0,NA,1,NA,0,1,NA
481,475,3,NaT,0,NA,0,NA,0,0,NA
482,481,3,NaT,0,NA,0,NA,0,1,NA
483,482,3,NaT,0,NA,0,NA,0,1,NA
484,483,3,NaT,0,NA,1,NA,0,0,NA
485,483,3,NaT,0,NA,1,NA,0,0,NA
486,483,3,NaT,0,NA,1,NA,0,0,NA
487,483,3,NaT,0,NA,2,NA,0,1,NA
488,475,3,NaT,0,NA,0,NA,0,0,NA
489,488,3,NaT,0,NA,0,NA,0,1,NA
490,489,3,NaT,0,NA,0,NA,0,1,NA
491,490,3,NaT,0,NA,0,NA,0,1,NA
492,475,3,NaT,0,NA,0,NA,0,0,NA
493,492,3,NaT,0,NA,0,NA,0,1,NA
494,493,3,NaT,0,NA,0,NA,0,1,NA
495,494,3,NaT,0,NA,1,NA,0,0,NA
496,494,3,NaT,0,NA,1,NA,0,1,NA
497,475,3,NaT,0,NA,0,NA,0,0,NA
498,497,3,NaT,0,NA,0,NA,0,1,NA
499,498,3,NaT,0,NA,0,NA,0,1,NA
500,499,3,NaT,0,NA,0,NA,0,1,NA
501,475,3,NaT,0,NA,0,NA,0,1,NA
502,501,3,NaT,0,NA,0,NA,0,0,NA
503,502,3,NaT,0,NA,0,NA,0,1,NA
504,503,3,NaT,0,NA,0,NA,0,0,NA
505,503,3,NaT,0,NA,1,NA,0,0,NA
506,503,3,NaT,0,NA,1,NA,0,0,NA
507,503,3,NaT,0,NA,1,NA,0,0,NA
508,503,3,NaT,0,NA,1,NA,0,0,NA
509,503,3,NaT,0,NA,1,NA,0,0,NA
510,503,3,NaT,0,NA,0,NA,0,1,NA
511,501,3,NaT,0,NA,0,NA,0,0,NA
512,511,3,NaT,0,NA,0,NA,0,1,NA
513,512,3,NaT,0,NA,1,NA,0,1,NA
514,501,3,NaT,0,NA,0,NA,0,0,NA
515,514,3,NaT,0,NA,0,NA,0,1,NA
516,515,3,NaT,0,NA,1,NA,0,1,NA
517,501,3,NaT,0,NA,0,NA,0,1,NA
518,517,3,NaT,0,NA,0,NA,0,0,NA
519,518,3,NaT,0,NA,1,NA,0,1,NA
520,517,3,NaT,0,NA,0,NA,0,0,NA
521,520,3,NaT,0,NA,1,NA,0,1,NA
522,517,3,NaT,0,NA,0,NA,0,1,NA
523,522,3,NaT,0,NA,0,NA,0,0,NA
524,522,3,NaT,0,NA,1,NA,1,1,NA
525,468,4,NaT,0,1,0,1,0,0,11
526,525,4,NaT,0,1,1,1,1,0,1
527,525,4,NaT,1,1,2,1,1,1,1
528,527,5,NaT,0,1,0,2,0,0,3
529,527,5,NaT,0,1,0,2,0,0,3
530,527,5,NaT,0,1,0,2,0,0,3
531,527,5,NaT,0,1,0,2,0,0,3
532,527,5,NaT,0,1,0,2,0,0,3
533,526,5,NaT,0,0,0,1,0,0,3
534,468,4,NaT,0,1,0,1,0,0,11
535,534,4,NaT,0,1,1,1,1,0,1
536,534,4,NaT,2,1,2,1,1,1,1
537,536,5,NaT,0,1,0,2,0,0,3
538,466,4,NaT,0,0,1,1,1,0,2
539,538,5,NaT,0,0,0,1,0,0,3
540,467,4,NaT,0,0,0,0,0,0,11
541,540,4,NaT,0,0,1,0,1,1,1
542,491,4,NaT,0,1,0,0,0,0,10
543,542,4,NaT,0,1,0,0,0,1,11
544,543,4,NaT,1,1,2,0,0,0,12
545,544,4,NaT,0,1,1,0,1,1,1
546,543,4,NaT,0,1,1,0,1,0,1
547,543,4,NaT,1,1,2,0,3,1,1
548,547,5,NaT,0,1,1,2,1,0,3
549,547,5,NaT,2,1,2,2,1,0,3
550,547,5,NaT,0,1,1,2,1,0,3
551,547,5,NaT,0,1,1,2,1,0,3
552,547,5,NaT,0,1,1,2,1,0,3
553,547,5,NaT,1,1,2,2,1,0,3
554,547,5,NaT,0,1,1,2,1,0,3
555,547,5,NaT,0,1,1,2,1,0,3
556,544,5,NaT,0,0,1,2,1,0,3
557,544,5,NaT,0,0,1,2,1,0,3
558,545,5,NaT,0,1,1,1,1,0,3
559,545,5,NaT,0,1,1,1,1,0,3
560,545,5,NaT,0,1,0,1,0,0,3
561,545,5,NaT,0,1,1,1,1,0,3
562,545,5,NaT,0,1,1,1,1,0,3
563,546,5,NaT,0,0,1,1,1,0,3
564,546,5,NaT,0,0,1,1,1,0,3
565,491,4,NaT,0,1,0,0,0,0,10
566,565,4,NaT,0,1,0,0,0,1,11
567,566,4,NaT,0,1,1,0,1,0,1
568,566,4,NaT,0,1,1,0,1,0,1
569,566,4,NaT,0,1,1,0,1,1,1
570,569,5,NaT,0,1,0,1,0,0,11
571,570,5,NaT,0,1,1,1,1,0,3
572,570,5,NaT,0,1,1,1,1,0,3
573,570,5,NaT,0,1,1,1,1,0,3
574,570,5,NaT,1,1,2,1,2,1,3
575,569,5,NaT,0,1,0,1,0,0,11
576,575,5,NaT,1,1,2,1,1,0,3
577,575,5,NaT,1,1,2,1,1,0,3
578,575,5,NaT,0,1,1,1,1,1,3
579,569,5,NaT,1,1,2,1,1,0,3
580,569,5,NaT,0,1,1,1,1,0,3
581,569,5,NaT,0,1,1,1,1,0,3
582,567,5,NaT,0,0,0,1,0,0,11
583,582,5,NaT,0,0,0,1,0,1,1
584,583,5,NaT,0,0,1,1,1,0,3
585,583,5,NaT,1,0,2,1,1,0,3
586,583,5,NaT,0,0,1,1,1,0,3
587,583,5,NaT,0,0,1,1,1,0,3
588,583,5,NaT,1,0,2,1,1,0,3
589,583,5,NaT,0,0,1,1,1,1,3
590,567,5,NaT,0,0,0,1,0,0,11
591,590,5,NaT,0,0,1,1,1,1,3
592,491,4,NaT,0,1,0,0,0,0,10
593,513,4,NaT,0,1,1,1,1,0,12
594,521,4,NaT,0,1,0,1,0,0,12
595,594,4,NaT,1,1,2,1,1,1,2
596,496,4,NaT,0,1,0,1,0,0,12
597,596,5,NaT,0,0,1,0,1,1,3
598,495,4,NaT,0,0,0,1,0,0,12
599,500,4,NaT,0,1,0,0,0,0,10
600,599,4,NaT,0,1,0,0,0,1,11
601,600,4,NaT,1,1,2,0,2,1,1
602,601,5,NaT,0,1,0,2,0,0,3
603,601,5,NaT,0,1,0,2,0,0,3
604,500,4,NaT,0,1,0,0,0,0,10
605,604,4,NaT,0,1,0,0,0,1,11
606,605,4,NaT,0,1,1,0,1,0,1
607,605,4,NaT,0,1,1,0,1,0,1
608,605,4,NaT,1,1,2,0,2,1,1
609,608,5,NaT,1,1,2,2,1,0,3
610,608,5,NaT,0,1,1,2,1,0,3
611,608,5,NaT,0,1,1,2,1,0,3
612,608,5,NaT,0,1,1,2,1,0,3
613,608,5,NaT,0,1,0,2,0,0,3
614,608,5,NaT,0,1,0,2,0,0,3
615,606,5,NaT,0,0,1,1,1,0,3
616,606,5,NaT,0,0,1,1,1,0,3
617,606,5,NaT,0,0,1,1,1,0,3
618,606,5,NaT,1,0,2,1,1,0,3
619,606,5,NaT,0,0,1,1,1,0,3
620,606,5,NaT,0,0,0,1,0,1,10
621,620,5,NaT,0,0,1,1,1,0,3
622,500,4,NaT,0,1,0,0,0,0,10
623,622,4,NaT,0,1,0,0,0,1,11
624,623,4,NaT,0,1,1,0,1,0,1
625,623,4,NaT,2,1,2,0,3,1,1
626,622,5,NaT,0,0,1,0,1,0,3
627,625,5,NaT,1,1,2,2,1,0,3
628,625,5,NaT,0,1,0,2,0,0,3
629,625,5,NaT,0,1,0,2,0,0,3
630,625,5,NaT,0,1,0,2,0,0,3
631,625,5,NaT,0,1,0,2,0,0,3
632,625,5,NaT,0,1,1,2,1,0,3
633,624,5,NaT,0,0,1,1,1,0,3
634,624,5,NaT,0,0,1,1,1,0,3
635,624,5,NaT,0,0,0,1,0,0,3
636,487,4,NaT,0,1,0,2,0,0,12
637,636,5,NaT,1,0,2,0,1,0,3
638,636,5,NaT,0,0,1,0,1,0,3
639,636,5,NaT,0,0,1,0,1,0,3
640,487,4,NaT,1,1,2,2,1,0,12
641,640,5,NaT,0,0,0,2,0,0,3
642,640,5,NaT,0,0,1,2,1,0,3
643,485,4,NaT,0,0,0,1,0,0,10
644,643,4,NaT,1,0,2,1,1,1,12
645,644,5,NaT,1,1,2,2,1,0,3
646,485,4,NaT,0,0,0,1,0,0,10
647,646,4,NaT,0,0,0,1,0,1,11
648,647,4,NaT,2,0,2,1,2,1,1
649,647,5,NaT,2,1,2,0,1,0,3
650,647,5,NaT,0,1,1,0,1,0,3
651,647,5,NaT,0,1,1,0,1,0,3
652,648,5,NaT,0,1,1,2,1,0,3
653,648,5,NaT,0,1,1,2,1,0,3
654,648,5,NaT,0,1,0,2,0,0,3
655,485,4,NaT,0,0,0,1,0,0,10
656,655,4,NaT,0,0,0,1,0,1,12
657,656,4,NaT,0,0,1,1,2,1,2
658,656,5,NaT,0,1,0,0,0,0,3
659,657,5,NaT,0,1,1,1,1,0,3
660,657,5,NaT,0,1,1,1,1,0,3
661,657,5,NaT,1,1,2,1,1,0,3
662,657,5,NaT,0,1,1,1,1,0,3
663,657,5,NaT,0,1,1,1,1,0,3
664,657,5,NaT,0,1,1,1,1,0,3
665,657,5,NaT,0,1,1,1,1,0,3
666,486,4,NaT,0,0,0,1,0,0,11
667,666,4,NaT,1,0,2,1,1,1,1
668,667,5,NaT,0,1,1,2,1,0,3
669,667,5,NaT,0,1,1,2,1,0,3
670,667,5,NaT,0,1,1,2,1,0,3
671,480,4,NaT,0,1,1,1,1,0,12
672,480,4,NaT,0,1,1,1,1,0,12
673,480,4,NaT,0,1,1,1,1,0,10
674,480,4,NaT,0,1,0,1,0,0,10
675,674,4,NaT,0,1,1,1,1,1,12
676,455,4,NaT,1,1,2,1,1,0,2
677,455,4,NaT,0,1,1,1,1,0,2
678,502,4,NaT,0,0,0,0,0,0,9
679,510,4,NaT,0,1,0,0,0,0,10
680,679,4,NaT,0,1,0,0,0,1,11
681,680,4,NaT,1,1,2,0,2,0,1
682,680,4,NaT,0,1,1,0,1,0,1
683,680,4,NaT,1,1,2,0,2,1,1
684,683,5,NaT,2,1,2,2,1,0,3
685,683,5,NaT,0,1,1,2,1,0,3
686,683,5,NaT,2,1,2,2,1,0,3
687,683,5,NaT,0,1,1,2,1,0,3
688,683,5,NaT,0,1,0,2,0,0,3
689,683,5,NaT,0,1,1,2,1,0,3
690,683,5,NaT,0,1,0,2,0,0,3
691,683,5,NaT,0,1,1,2,1,0,3
692,681,5,NaT,0,0,1,2,1,0,3
693,681,5,NaT,0,0,1,2,1,0,3
694,681,5,NaT,1,0,2,2,1,0,3
695,681,5,NaT,0,0,1,2,1,0,3
696,681,5,NaT,0,0,0,2,0,0,3
697,682,5,NaT,0,0,0,1,0,0,3
698,682,5,NaT,0,0,1,1,1,0,3
699,510,4,NaT,0,1,0,0,0,0,10
700,505,4,NaT,0,0,1,1,1,0,12
701,505,4,NaT,0,0,0,1,0,0,11
702,701,4,NaT,1,0,2,1,1,1,1
703,506,4,NaT,0,0,0,1,0,0,11
704,703,4,NaT,0,0,1,1,1,1,1
705,506,4,NaT,0,0,0,1,0,0,11
706,705,4,NaT,2,0,2,1,2,1,1
707,458,4,NaT,0,1,0,1,0,0,11
708,707,4,NaT,1,1,2,1,1,1,1
709,491,4,NaT,0,1,0,0,0,1,10
710,709,4,NaT,0,1,0,0,0,1,11
711,710,4,NaT,0,1,1,0,3,0,1
712,710,4,NaT,0,1,1,0,1,0,1
713,710,4,NaT,3,1,2,0,1,1,1
714,713,5,NaT,0,1,1,2,1,0,3
715,713,5,NaT,1,1,2,2,1,0,3
716,713,5,NaT,0,1,0,2,0,0,3
717,711,5,NaT,0,0,1,1,1,0,3
718,711,5,NaT,0,0,0,1,0,0,3
719,711,5,NaT,0,0,1,1,1,0,3
720,712,5,NaT,0,0,1,1,1,0,3
721,712,5,NaT,0,0,1,1,1,0,3
722,712,5,NaT,0,0,1,1,1,0,3
723,712,5,NaT,0,0,1,1,1,0,3
724,513,4,NaT,0,1,0,1,0,1,10
725,724,4,NaT,0,1,0,1,0,0,11
726,725,4,NaT,1,1,2,1,1,1,1
727,724,4,NaT,0,1,1,1,1,1,12
728,500,4,NaT,0,1,0,0,0,1,10
729,728,4,NaT,0,1,0,0,0,0,11
730,729,4,NaT,1,1,2,0,1,1,1
731,728,4,NaT,0,1,0,0,0,0,11
732,731,4,NaT,1,1,2,0,3,1,1
733,728,4,NaT,0,1,0,0,0,1,11
734,733,4,NaT,0,1,1,0,1,0,1
735,733,4,NaT,0,1,1,0,1,0,1
736,733,4,NaT,2,1,2,0,6,1,1
737,733,5,NaT,0,1,1,0,1,0,3
738,733,5,NaT,2,1,2,0,1,0,3
739,736,5,NaT,0,1,1,2,1,0,3
740,736,5,NaT,1,1,2,2,1,0,3
741,736,5,NaT,0,1,1,2,1,0,3
742,736,5,NaT,0,1,1,2,1,0,3
743,736,5,NaT,0,1,1,2,1,0,3
744,734,5,NaT,0,0,1,1,1,0,3
745,735,5,NaT,1,0,2,1,1,0,3
746,735,5,NaT,1,0,2,1,1,0,3
747,735,5,NaT,0,0,1,1,1,0,3
748,735,5,NaT,0,0,1,1,1,0,3
749,735,5,NaT,1,0,2,1,1,0,3
750,730,5,NaT,0,1,1,2,1,0,3
751,730,5,NaT,0,1,1,2,3,0,3
752,730,5,NaT,0,1,1,2,1,0,3
753,730,5,NaT,0,1,1,2,1,0,3
754,732,5,NaT,0,1,0,2,0,0,3
755,732,5,NaT,0,1,0,2,0,0,3
756,732,5,NaT,0,1,1,2,1,0,3
757,732,5,NaT,0,1,1,2,1,0,3
758,485,4,NaT,0,0,0,1,0,1,10
759,758,4,NaT,0,0,0,1,0,0,11
760,759,4,NaT,0,0,1,1,1,1,1
761,760,5,NaT,0,1,1,1,1,0,3
762,760,5,NaT,0,1,1,1,1,0,3
763,486,4,NaT,0,0,0,1,0,1,10
764,480,4,NaT,0,1,0,1,0,1,10
765,764,4,NaT,0,1,1,1,1,0,12
766,479,4,NaT,0,0,0,1,0,1,10
767,766,4,NaT,0,0,1,1,1,0,12
768,766,4,NaT,0,0,1,1,2,1,12
769,510,4,NaT,0,1,0,0,0,1,10
770,769,4,NaT,0,1,0,0,0,0,12
771,770,4,NaT,0,1,1,0,1,1,1
772,769,4,NaT,0,1,0,0,0,0,11
773,772,4,NaT,0,1,1,0,1,1,1
774,769,4,NaT,0,1,0,0,0,0,11
775,774,4,NaT,1,1,2,0,1,1,1
776,769,4,NaT,0,1,0,0,0,0,11
777,776,4,NaT,1,1,2,0,1,0,1
778,776,4,NaT,0,1,1,0,3,1,1
779,769,4,NaT,0,1,0,0,0,1,11
780,779,4,NaT,0,1,1,0,1,0,1
781,779,4,NaT,1,1,2,0,1,0,1
782,779,4,NaT,0,1,1,0,1,1,1
783,782,5,NaT,0,1,1,1,1,0,3
784,782,5,NaT,1,1,2,1,1,0,3
785,782,5,NaT,0,1,0,1,0,0,11
786,785,5,NaT,1,1,2,1,1,1,3
787,782,5,NaT,0,1,1,1,1,0,3
788,782,5,NaT,0,1,1,1,1,0,3
789,780,5,NaT,0,0,1,1,1,0,3
790,780,5,NaT,0,0,1,1,1,0,3
791,781,5,NaT,0,0,1,2,1,0,3
792,773,5,NaT,0,1,0,1,0,0,3
793,773,5,NaT,0,1,1,1,1,0,3
794,773,5,NaT,0,1,1,1,1,0,3
795,773,5,NaT,1,1,2,1,1,0,3
796,773,5,NaT,0,1,1,1,1,0,3
797,775,5,NaT,0,1,1,2,1,0,3
798,775,5,NaT,0,1,1,2,1,0,3
799,778,5,NaT,1,1,2,1,1,0,3
800,778,5,NaT,0,1,1,1,1,0,3
801,778,5,NaT,2,1,2,1,1,0,3
802,778,5,NaT,0,1,1,1,2,0,3
803,778,5,NaT,0,1,0,1,0,0,11
804,803,5,NaT,0,1,1,1,4,1,3
805,777,5,NaT,0,0,1,2,1,0,3
806,777,5,NaT,0,0,1,2,1,0,3
807,777,5,NaT,0,0,1,2,1,0,3
808,777,5,NaT,0,0,1,2,1,0,3
809,777,5,NaT,3,0,2,2,1,0,3
810,777,5,NaT,0,0,0,2,0,0,3
811,778,5,NaT,0,1,0,1,0,1,8
812,777,5,NaT,0,0,0,2,0,1,8
813,505,4,NaT,0,0,0,1,0,1,10
814,813,4,NaT,0,0,0,1,0,0,11
815,814,4,NaT,0,0,1,1,1,1,1
816,813,4,NaT,0,0,0,1,0,1,11
817,816,4,NaT,0,0,1,1,1,1,1
818,507,4,NaT,0,0,0,1,0,1,10
819,818,4,NaT,0,0,0,1,0,0,11
820,819,4,NaT,1,0,2,1,1,1,1
821,818,4,NaT,0,0,0,1,0,0,11
822,821,4,NaT,1,0,2,1,1,1,1
823,818,4,NaT,0,0,0,1,0,0,11
824,823,4,NaT,1,0,2,1,1,1,1
825,818,4,NaT,0,0,0,1,0,0,11
826,825,4,NaT,0,0,1,1,1,0,1
827,825,4,NaT,0,0,1,1,1,1,1
828,818,4,NaT,0,0,0,1,0,0,11
829,828,4,NaT,1,0,2,1,1,1,1
830,818,4,NaT,0,0,0,1,0,1,11
831,830,4,NaT,1,0,2,1,1,1,1
832,831,5,NaT,0,1,0,2,0,0,3
833,831,5,NaT,0,1,1,2,1,0,3
834,831,5,NaT,0,1,1,2,1,0,3
835,831,5,NaT,0,1,1,2,1,0,3
836,831,5,NaT,1,1,2,2,1,0,3
837,831,5,NaT,0,1,1,2,1,0,3
838,822,5,NaT,0,1,0,2,0,0,3
839,827,5,NaT,0,1,1,1,1,0,3
840,827,5,NaT,1,1,2,1,1,0,3
841,827,5,NaT,0,1,1,1,1,0,3
842,827,5,NaT,0,1,1,1,1,0,3
843,827,5,NaT,0,1,1,1,1,0,3
844,828,5,NaT,1,0,2,0,1,0,3
845,828,5,NaT,0,0,0,0,0,0,3
846,829,5,NaT,0,1,1,2,1,0,3
847,829,5,NaT,1,1,2,2,1,0,3
848,458,4,NaT,0,1,0,1,0,1,10
849,848,4,NaT,0,1,1,1,1,0,12
850,848,4,NaT,0,1,1,1,1,0,12
851,0,3,NaT,0,NA,0,NA,0,0,NA
852,851,3,NaT,0,NA,0,NA,0,0,NA
853,852,3,NaT,0,NA,0,NA,0,1,NA
854,853,3,NaT,0,NA,0,NA,0,1,NA
855,854,3,NaT,0,NA,0,NA,0,0,NA
856,854,3,NaT,0,NA,1,NA,0,0,NA
857,854,3,NaT,0,NA,0,NA,0,1,NA
858,851,3,NaT,0,NA,0,NA,0,1,NA
859,858,3,NaT,0,NA,0,NA,0,1,NA
860,859,3,NaT,0,NA,0,NA,0,0,NA
861,860,3,NaT,0,NA,0,NA,0,1,NA
862,861,3,NaT,0,NA,0,NA,0,0,NA
863,862,3,NaT,0,NA,0,NA,0,1,NA
864,861,3,NaT,0,NA,0,NA,0,1,NA
865,864,3,NaT,0,NA,2,NA,0,0,NA
866,864,3,NaT,0,NA,0,NA,0,0,NA
867,864,3,NaT,0,NA,1,NA,0,1,NA
868,859,3,NaT,0,NA,0,NA,0,1,NA
869,868,3,NaT,0,NA,2,NA,1,0,NA
870,868,3,NaT,0,NA,0,NA,0,0,NA
871,868,3,NaT,0,NA,0,NA,0,0,NA
872,868,3,NaT,0,NA,1,NA,0,1,NA
873,857,4,NaT,0,1,0,0,0,0,10
874,873,5,NaT,0,0,0,0,0,0,3
875,857,4,NaT,0,1,1,0,1,0,10
876,875,5,NaT,0,0,1,1,1,0,3
877,857,4,NaT,0,1,0,0,0,0,10
878,877,4,NaT,0,1,0,0,0,1,11
879,878,4,NaT,1,1,2,0,1,1,2
880,855,4,NaT,0,0,1,0,1,0,10
881,872,4,NaT,0,1,0,1,0,0,11
882,881,4,NaT,1,1,2,1,1,1,2
883,882,5,NaT,0,1,0,2,0,0,3
884,882,5,NaT,0,1,0,2,0,0,3
885,870,5,NaT,0,0,1,0,1,0,3
886,870,4,NaT,0,0,0,0,0,0,10
887,871,4,NaT,0,0,1,0,1,0,10
888,887,5,NaT,0,0,0,1,0,0,3
889,871,4,NaT,0,0,1,0,1,0,10
890,863,4,NaT,0,1,0,0,0,0,10
891,890,5,NaT,0,0,1,0,1,1,3
892,863,4,NaT,0,1,0,0,0,0,10
893,892,4,NaT,0,1,0,0,0,1,11
894,893,4,NaT,2,1,2,0,2,1,2
895,892,5,NaT,0,0,0,0,0,0,3
896,893,5,NaT,0,1,1,0,1,0,3
897,893,5,NaT,0,1,0,0,0,0,3
898,894,5,NaT,2,1,2,2,1,0,3
899,894,5,NaT,0,1,0,2,0,0,3
900,894,5,NaT,0,1,0,2,0,0,3
901,894,5,NaT,0,1,0,2,0,0,3
902,894,5,NaT,0,1,0,2,0,0,3
903,894,5,NaT,0,1,0,2,0,0,3
904,867,5,NaT,0,1,0,1,0,0,9
905,867,4,NaT,0,1,0,1,0,0,2
906,905,5,NaT,0,0,0,0,0,1,9
907,906,5,NaT,0,0,0,0,0,1,3
908,867,4,NaT,0,1,0,1,0,0,2
909,908,5,NaT,0,0,0,0,0,1,9
910,909,5,NaT,0,0,1,0,1,1,3
911,865,5,NaT,0,0,1,2,1,0,9
912,857,4,NaT,0,1,0,0,0,1,10
913,912,4,NaT,0,1,0,0,0,1,11
914,913,4,NaT,0,1,1,0,1,0,2
915,913,4,NaT,1,1,2,0,2,1,2
916,915,5,NaT,0,1,0,2,0,0,3
917,915,5,NaT,0,1,1,2,1,0,3
918,915,5,NaT,0,1,0,2,0,0,3
919,915,5,NaT,0,1,0,2,0,0,3
920,915,5,NaT,0,1,0,2,0,0,3
921,915,5,NaT,0,1,0,2,0,0,3
922,915,5,NaT,0,1,0,2,0,0,3
923,915,5,NaT,2,1,2,2,1,0,3
924,915,5,NaT,0,1,0,2,0,0,3
925,915,5,NaT,0,1,1,2,1,0,3
926,915,5,NaT,0,1,0,2,0,0,3
927,914,5,NaT,0,0,0,1,0,0,3
928,855,4,NaT,0,0,1,0,1,1,10
929,872,4,NaT,0,1,1,1,0,1,10
930,929,4,NaT,0,1,1,1,1,0,2
931,929,5,NaT,0,1,1,1,1,0,3
932,930,5,NaT,0,0,0,1,0,0,3
933,871,4,NaT,0,0,0,0,0,1,10
934,933,4,NaT,0,0,0,0,0,1,11
935,934,4,NaT,0,0,1,0,1,0,2
936,934,4,NaT,2,0,2,0,2,1,2
937,936,5,NaT,0,1,0,2,0,0,3
938,936,5,NaT,0,1,0,2,0,0,3
939,936,5,NaT,0,1,0,2,0,0,3
940,936,5,NaT,0,1,1,2,1,0,3
941,935,5,NaT,0,0,0,1,0,0,1
942,941,5,NaT,0,0,1,1,1,0,3
943,941,5,NaT,0,0,1,1,1,1,3
944,935,5,NaT,0,0,0,1,0,0,1
945,944,5,NaT,1,0,2,1,1,0,3
946,944,5,NaT,2,0,2,1,1,0,3
947,944,5,NaT,0,0,0,1,0,0,3
948,944,5,NaT,0,0,1,1,1,0,3
949,944,5,NaT,0,0,1,1,1,1,3
950,935,5,NaT,0,0,0,1,0,0,1
951,950,5,NaT,0,0,1,1,1,0,3
952,950,5,NaT,0,0,1,1,1,0,3
953,950,5,NaT,0,0,0,1,0,0,3
954,950,5,NaT,1,0,2,1,1,0,3
955,950,5,NaT,0,0,1,1,1,0,3
956,950,5,NaT,0,0,1,1,1,1,3
957,863,4,NaT,0,1,0,0,0,1,10
958,957,4,NaT,0,1,0,0,0,1,11
959,958,4,NaT,0,1,1,0,1,0,2
960,958,4,NaT,0,1,1,0,1,0,2
961,958,4,NaT,0,1,1,0,1,0,2
962,958,4,NaT,1,1,2,0,2,1,2
963,957,5,NaT,1,1,2,0,1,0,3
964,957,5,NaT,1,1,2,0,1,0,3
965,957,5,NaT,0,1,1,0,1,0,3
966,957,5,NaT,0,1,0,0,0,0,3
967,962,5,NaT,0,1,0,2,0,0,3
968,962,5,NaT,0,1,0,2,0,0,3
969,959,5,NaT,0,0,0,1,0,0,3
970,959,5,NaT,0,0,0,1,0,0,3
971,959,5,NaT,0,0,0,1,0,0,3
972,960,5,NaT,0,0,0,1,0,0,3
973,960,5,NaT,0,0,0,1,0,0,3
974,960,5,NaT,0,0,0,1,0,0,3
975,961,5,NaT,0,0,0,1,0,0,3
976,961,5,NaT,0,0,0,1,0,0,3
977,961,5,NaT,0,0,0,1,0,0,3
978,0,3,NaT,0,NA,0,NA,0,0,NA
979,978,3,NaT,0,NA,0,NA,0,1,NA
980,979,3,NaT,0,NA,0,NA,0,0,NA
981,980,3,NaT,0,NA,0,NA,0,1,NA
982,981,3,NaT,0,NA,0,NA,0,0,NA
983,981,3,NaT,0,NA,0,NA,0,1,NA
984,983,3,NaT,0,NA,0,NA,0,0,NA
985,983,3,NaT,0,NA,0,NA,0,1,NA
986,979,3,NaT,0,NA,0,NA,0,0,NA
987,986,3,NaT,0,NA,0,NA,0,1,NA
988,987,3,NaT,0,NA,0,NA,0,0,NA
989,987,3,NaT,0,NA,0,NA,0,0,NA
990,987,3,NaT,0,NA,0,NA,0,0,NA
991,987,3,NaT,0,NA,0,NA,0,1,NA
992,979,3,NaT,0,NA,0,NA,0,1,NA
993,992,3,NaT,0,NA,0,NA,0,0,NA
994,993,3,NaT,0,NA,1,NA,1,1,NA
995,992,3,NaT,0,NA,0,NA,0,1,NA
996,995,3,NaT,0,NA,0,NA,0,0,NA
997,995,3,NaT,0,NA,0,NA,0,0,NA
998,995,3,NaT,0,NA,0,NA,0,0,NA
999,995,3,NaT,0,NA,0,NA,0,1,NA
1000,985,5,NaT,0,1,0,0,0,0,3
1001,985,4,NaT,0,1,0,0,0,0,10
1002,1001,4,NaT,0,1,0,0,0,0,11
1003,1002,4,NaT,1,1,2,0,1,1,2
1004,1001,4,NaT,0,1,1,0,1,0,12
1005,999,4,NaT,0,1,0,0,0,0,10
1006,999,4,NaT,0,1,0,0,0,0,10
1007,1006,4,NaT,0,1,0,0,0,1,12
1008,1007,4,NaT,0,1,1,0,1,1,2
1009,1008,5,NaT,0,1,0,1,0,0,3
1010,1008,5,NaT,0,1,0,1,0,0,1
1011,1010,5,NaT,0,1,0,1,0,1,3
1012,999,4,NaT,0,1,0,0,0,0,10
1013,1012,4,NaT,0,1,0,0,0,0,11
1014,1013,4,NaT,0,1,0,0,0,1,1
1015,1012,4,NaT,0,1,1,0,1,0,12
1016,1012,4,NaT,0,1,0,0,0,0,12
1017,1012,4,NaT,0,1,0,0,0,1,11
1018,1017,4,NaT,0,1,0,0,0,0,1
1019,1017,4,NaT,0,1,0,0,0,0,1
1020,1017,4,NaT,0,1,0,0,0,0,1
1021,1017,4,NaT,0,1,0,0,0,1,1
1022,1021,5,NaT,0,1,0,0,0,0,9
1023,1022,5,NaT,0,1,0,0,0,1,11
1024,1023,5,NaT,2,1,2,0,1,1,2
1025,1021,5,NaT,0,1,0,0,0,0,9
1026,1025,5,NaT,0,1,0,0,0,1,11
1027,1026,5,NaT,0,1,0,0,0,0,3
1028,1026,5,NaT,0,1,0,0,0,0,3
1029,1026,5,NaT,0,1,0,0,0,0,3
1030,1026,5,NaT,0,1,1,0,1,1,3
1031,1021,5,NaT,0,1,1,0,1,0,9
1032,1021,5,NaT,0,1,0,0,0,0,9
1033,1032,5,NaT,0,1,0,0,0,1,11
1034,1033,5,NaT,0,1,0,0,0,0,3
1035,1033,5,NaT,0,1,0,0,0,0,3
1036,1033,5,NaT,0,1,0,0,0,0,3
1037,1033,5,NaT,0,1,0,0,0,1,3
1038,1021,5,NaT,0,1,0,0,0,0,9
1039,1014,5,NaT,0,1,0,0,0,0,9
1040,1039,5,NaT,0,1,0,0,0,1,11
1041,1040,5,NaT,0,1,1,0,1,0,2
1042,1040,5,NaT,1,1,2,0,1,1,2
1043,1021,5,NaT,0,1,0,0,0,1,9
1044,1043,5,NaT,0,1,0,0,0,0,11
1045,1044,5,NaT,0,1,1,0,1,1,3
1046,1043,5,NaT,0,1,0,0,0,1,11
1047,1046,5,NaT,0,1,0,0,0,0,3
1048,1046,5,NaT,0,1,0,0,0,0,3
1049,1046,5,NaT,3,1,2,0,1,0,3
1050,1046,5,NaT,0,1,0,0,0,1,3
1051,1018,5,NaT,0,0,0,0,0,1,9
1052,1051,5,NaT,0,0,1,0,1,1,3
1053,1019,5,NaT,0,0,0,0,0,1,9
1054,1053,5,NaT,1,0,2,0,1,1,3
1055,1020,5,NaT,0,0,0,0,0,1,9
1056,1055,5,NaT,0,0,0,0,0,1,11
1057,1056,5,NaT,1,0,2,0,1,0,3
1058,1056,5,NaT,1,0,2,0,1,1,3
1059,1014,5,NaT,0,1,0,0,0,1,9
1060,1059,5,NaT,0,1,0,0,0,0,11
1061,1060,5,NaT,0,1,1,0,1,1,2
1062,998,4,NaT,0,0,0,0,0,0,10
1063,1062,4,NaT,0,0,1,0,1,1,12
1064,991,4,NaT,0,1,0,0,0,0,10
1065,1064,4,NaT,0,1,0,0,0,1,11
1066,1065,4,NaT,2,1,2,0,1,1,1
1067,991,4,NaT,0,1,0,0,0,0,10
1068,1067,4,NaT,0,1,0,0,0,1,11
1069,1068,4,NaT,2,1,2,0,1,1,1
1070,991,4,NaT,0,1,0,0,0,0,10
1071,1070,4,NaT,0,1,0,0,0,1,11
1072,1071,4,NaT,2,1,2,0,3,1,2
1073,1072,5,NaT,0,1,0,2,0,0,2
1074,1072,5,NaT,0,1,0,2,0,0,2
1075,1072,5,NaT,0,1,0,2,0,0,2
1076,1072,5,NaT,0,1,0,2,0,0,2
1077,1072,5,NaT,0,1,0,2,0,0,2
1078,1072,5,NaT,0,1,0,2,0,0,2
1079,1072,5,NaT,0,1,0,2,0,0,2
1080,1072,5,NaT,0,1,0,2,0,0,2
1081,991,4,NaT,0,1,0,0,0,0,10
1082,1081,4,NaT,0,1,1,0,1,1,12
1083,988,4,NaT,0,0,0,0,0,0,10
1084,988,4,NaT,0,0,0,0,0,0,10
1085,1084,4,NaT,0,0,0,0,0,1,11
1086,1085,4,NaT,1,0,2,0,2,1,2
1087,1086,5,NaT,0,1,1,2,1,0,3
1088,1086,5,NaT,0,1,0,2,0,0,3
1089,1086,5,NaT,0,1,0,2,0,0,3
1090,1086,5,NaT,0,1,0,2,0,0,3
1091,1086,5,NaT,0,1,0,2,0,0,3
1092,1086,5,NaT,0,1,0,2,0,0,3
1093,1086,5,NaT,0,1,0,2,0,0,3
1094,1086,5,NaT,0,1,0,2,0,0,3
1095,989,4,NaT,0,0,0,0,0,0,10
1096,1095,4,NaT,0,0,0,0,0,1,11
1097,1096,4,NaT,1,0,2,0,2,1,2
1098,1097,5,NaT,2,1,2,2,1,0,3
1099,1097,5,NaT,0,1,1,2,1,0,3
1100,1097,5,NaT,0,1,0,2,0,0,3
1101,1097,5,NaT,0,1,0,2,0,0,3
1102,1097,5,NaT,0,1,1,2,1,0,3
1103,1097,5,NaT,1,1,2,2,1,0,3
1104,1097,5,NaT,0,1,1,2,1,0,3
1105,987,4,NaT,0,1,0,0,0,0,9
1106,984,4,NaT,0,0,0,0,0,1,10
1107,1106,4,NaT,0,0,0,0,0,1,12
1108,1107,5,NaT,0,1,1,0,1,0,3
1109,1107,5,NaT,0,1,1,0,1,0,3
1110,1107,5,NaT,2,1,2,0,1,0,3
1111,999,4,NaT,0,1,0,0,0,1,10
1112,1111,4,NaT,0,1,0,0,0,0,12
1113,1111,4,NaT,0,1,1,0,0,0,12
1114,1111,4,NaT,0,1,0,0,0,0,11
1115,1114,4,NaT,3,1,2,0,1,1,2
1116,1111,4,NaT,0,1,0,0,0,0,11
1117,1116,4,NaT,0,1,0,0,0,0,1
1118,1116,4,NaT,0,1,0,0,0,1,1
1119,1111,4,NaT,0,1,0,0,0,0,11
1120,1119,4,NaT,0,1,0,0,0,0,1
1121,1119,4,NaT,0,1,0,0,0,1,1
1122,1111,4,NaT,0,1,1,0,0,0,12
1123,1111,4,NaT,0,1,0,0,0,1,11
1124,1123,4,NaT,1,1,2,0,1,0,1
1125,1123,4,NaT,0,1,1,0,1,0,1
1126,1123,4,NaT,0,1,0,0,0,0,1
1127,1123,4,NaT,0,1,1,0,1,0,1
1128,1123,4,NaT,0,1,1,0,1,0,1
1129,1123,4,NaT,0,1,1,0,2,1,1
1130,1129,5,NaT,0,1,0,1,0,0,9
1131,1130,5,NaT,0,1,0,1,0,1,11
1132,1131,5,NaT,0,1,1,1,1,0,3
1133,1131,5,NaT,0,1,1,1,1,1,3
1134,1129,5,NaT,0,1,0,1,0,0,3
1135,1125,5,NaT,0,0,0,1,0,0,9
1136,1135,5,NaT,0,0,0,1,0,1,11
1137,1136,5,NaT,1,0,2,1,1,1,3
1138,1126,5,NaT,0,0,0,0,0,0,9
1139,1138,5,NaT,0,0,0,0,0,1,3
1140,1127,5,NaT,0,0,0,1,0,0,3
1141,1127,5,NaT,0,0,0,1,0,0,3
1142,1127,5,NaT,0,0,0,1,0,0,3
1143,1127,5,NaT,0,0,0,1,0,0,3
1144,1115,5,NaT,0,1,0,2,0,0,3
1145,1115,5,NaT,0,1,0,2,0,0,3
1146,1121,5,NaT,0,1,0,0,0,0,9
1147,1146,5,NaT,0,1,0,0,0,1,11
1148,1147,5,NaT,1,1,2,0,0,1,1
1149,1148,5,NaT,0,1,0,0,0,0,3
1150,1148,5,NaT,0,1,1,0,1,0,3
1151,1148,5,NaT,0,1,1,0,1,0,3
1152,1148,5,NaT,0,1,0,0,0,0,3
1153,1121,5,NaT,0,1,0,0,0,0,9
1154,1153,5,NaT,0,1,0,0,0,1,11
1155,1154,5,NaT,0,1,0,0,0,1,1
1156,1155,5,NaT,0,1,1,0,1,0,3
1157,1155,5,NaT,1,1,2,0,1,0,3
1158,1155,5,NaT,0,1,1,0,1,1,3
1159,1121,5,NaT,0,1,0,0,0,0,9
1160,1159,5,NaT,0,1,0,0,0,1,10
1161,1160,5,NaT,0,1,0,0,0,1,1
1162,1161,5,NaT,0,1,0,0,0,0,3
1163,1161,5,NaT,1,1,2,0,1,0,3
1164,1161,5,NaT,0,1,0,0,0,0,3
1165,1161,5,NaT,0,1,0,0,0,0,3
1166,1161,5,NaT,0,1,0,0,0,0,3
1167,1161,5,NaT,0,1,0,0,0,1,3
1168,1129,5,NaT,0,1,0,1,0,1,10
1169,1168,5,NaT,1,1,2,1,1,0,3
1170,1125,5,NaT,0,0,0,1,0,1,10
1171,1170,5,NaT,1,0,2,1,1,1,3
1172,1126,5,NaT,0,0,0,0,0,1,9
1173,1172,5,NaT,0,0,0,0,0,1,11
1174,1173,5,NaT,0,0,0,0,0,0,3
1175,1173,5,NaT,3,0,2,0,2,0,3
1176,1173,5,NaT,0,0,0,0,0,0,3
1177,1173,5,NaT,0,0,1,0,2,1,3
1178,1128,5,NaT,0,0,0,1,0,1,8
1179,1118,5,NaT,0,1,0,0,0,1,9
1180,1179,5,NaT,0,1,0,0,0,0,11
1181,1180,5,NaT,2,1,2,0,1,1,3
1182,1179,5,NaT,0,1,0,0,0,1,11
1183,1182,5,NaT,1,1,2,0,1,1,3
1184,1117,5,NaT,0,0,0,0,0,1,9
1185,1184,5,NaT,0,0,1,0,1,1,11
1186,1121,5,NaT,0,1,0,0,0,1,9
1187,1186,5,NaT,0,1,0,0,0,1,11
1188,1187,5,NaT,0,1,0,0,0,0,1
1189,1188,5,NaT,0,1,0,0,0,0,3
1190,1188,5,NaT,0,1,0,0,0,0,3
1191,1188,5,NaT,0,1,0,0,0,0,3
1192,1188,5,NaT,0,1,1,0,1,1,3
1193,1187,5,NaT,0,1,0,0,0,1,1
1194,1193,5,NaT,0,1,0,0,0,0,3
1195,1193,5,NaT,0,1,0,0,0,0,3
1196,1193,5,NaT,0,1,0,0,0,0,3
1197,1193,5,NaT,0,1,0,0,0,0,3
1198,1193,5,NaT,0,1,0,0,0,0,3
1199,1193,5,NaT,0,1,0,0,0,0,3
1200,1193,5,NaT,0,1,0,0,0,1,3
1201,1120,5,NaT,0,0,0,0,0,1,9
1202,1201,5,NaT,0,0,0,0,0,1,1
1203,1202,5,NaT,1,0,2,0,1,0,3
1204,1202,5,NaT,0,0,1,0,1,0,3
1205,1202,5,NaT,1,0,2,0,1,0,3
1206,1202,5,NaT,0,0,0,0,0,1,3
1207,996,4,NaT,0,0,1,0,1,1,10
1208,997,4,NaT,0,0,0,0,0,1,10
1209,1208,4,NaT,0,0,0,0,0,0,12
1210,1209,4,NaT,0,0,0,0,0,0,4
1211,1209,4,NaT,0,0,0,0,0,1,4
1212,1208,4,NaT,0,0,0,0,0,0,12
1213,1212,4,NaT,2,0,2,0,1,1,4
1214,1208,4,NaT,0,0,0,0,0,1,12
1215,1214,4,NaT,0,0,1,0,1,1,4
1216,1215,5,NaT,0,1,0,1,0,0,3
1217,1211,5,NaT,0,1,0,0,0,0,9
1218,1217,5,NaT,0,1,0,0,0,1,11
1219,1218,5,NaT,0,1,1,0,1,0,3
1220,1218,5,NaT,1,1,2,0,1,0,3
1221,1218,5,NaT,1,1,2,0,1,0,3
1222,1218,5,NaT,1,1,2,0,1,1,3
1223,1211,5,NaT,0,1,0,0,0,0,9
1224,1223,5,NaT,0,1,1,0,1,1,3
1225,1211,5,NaT,0,1,0,0,0,1,9
1226,1225,5,NaT,0,1,1,0,1,1,3
1227,1210,5,NaT,0,0,0,0,0,1,9
1228,1227,5,NaT,0,0,1,0,1,1,3
1229,998,4,NaT,0,0,0,0,0,1,10
1230,1229,4,NaT,0,0,0,0,0,0,11
1231,1230,4,NaT,0,0,1,0,1,1,1
1232,1229,4,NaT,0,0,0,0,0,1,11
1233,1232,4,NaT,1,0,2,0,1,1,1
1234,1233,5,NaT,0,1,0,2,0,0,3
1235,1233,5,NaT,0,1,0,2,0,0,3
1236,1233,5,NaT,0,1,0,2,0,0,3
1237,991,4,NaT,0,1,0,0,0,1,10
1238,1237,4,NaT,0,1,0,0,0,0,11
1239,1238,4,NaT,0,1,1,0,1,0,1
1240,1238,4,NaT,1,1,2,0,1,1,1
1241,1237,4,NaT,0,1,0,0,0,0,11
1242,1241,4,NaT,0,1,1,0,1,1,1
1243,1237,4,NaT,0,1,0,0,0,0,11
1244,1243,4,NaT,1,1,2,0,1,1,1
1245,1237,4,NaT,0,1,0,0,0,1,11
1246,1245,4,NaT,0,1,1,0,2,0,1
1247,1245,4,NaT,1,1,2,0,2,0,1
1248,1245,4,NaT,0,1,1,0,1,1,2
1249,1248,5,NaT,0,1,0,1,0,0,9
1250,1249,5,NaT,0,1,0,1,0,1,3
1251,1248,5,NaT,0,1,0,1,0,0,9
1252,1251,5,NaT,0,1,1,1,2,1,2
1253,1246,5,NaT,0,0,0,1,0,0,2
1254,1246,5,NaT,0,0,0,1,0,0,2
1255,1246,5,NaT,0,0,0,1,0,0,10
1256,1246,5,NaT,0,0,0,1,0,0,2
1257,1246,5,NaT,0,0,0,1,0,0,9
1258,1257,5,NaT,0,0,0,1,0,0,2
1259,1257,5,NaT,0,0,1,1,1,1,2
1260,1247,5,NaT,0,0,0,2,0,0,2
1261,1240,5,NaT,0,1,0,2,0,0,3
1262,1240,5,NaT,0,1,0,2,0,0,3
1263,1240,5,NaT,0,1,0,2,0,0,3
1264,1240,5,NaT,0,1,0,2,0,0,3
1265,1240,5,NaT,0,1,0,2,0,0,11
1266,1265,5,NaT,0,1,0,2,0,1,3
1267,1239,5,NaT,0,0,0,1,0,0,3
1268,1242,5,NaT,0,1,0,1,0,0,3
1269,1242,5,NaT,0,1,1,1,1,0,3
1270,1242,5,NaT,0,1,1,1,1,0,3
1271,1242,5,NaT,0,1,0,1,0,0,3
1272,1242,5,NaT,0,1,0,1,0,0,3
1273,1244,5,NaT,0,1,0,2,0,0,3
1274,1244,5,NaT,0,1,0,2,0,0,3
1275,1248,5,NaT,0,1,0,1,0,1,10
1276,1275,5,NaT,0,1,0,1,0,0,3
1277,1275,5,NaT,0,1,0,1,0,0,3
1278,1275,5,NaT,0,1,1,1,1,1,3
1279,1240,5,NaT,0,1,0,2,0,1,10
1280,1239,5,NaT,0,0,0,1,0,1,10
1281,1280,5,NaT,0,0,0,1,0,0,3
1282,1280,5,NaT,0,0,0,1,0,0,3
1283,1280,5,NaT,0,0,0,1,0,0,3
1284,1280,5,NaT,0,0,0,1,0,1,3
1285,988,4,NaT,0,0,0,0,0,1,10
1286,1285,4,NaT,0,0,0,0,0,0,11
1287,1286,4,NaT,0,0,1,0,1,1,2
1288,1285,4,NaT,0,0,0,0,0,1,11
1289,1288,4,NaT,0,0,1,0,1,0,2
1290,1288,4,NaT,0,0,1,0,1,0,2
1291,1288,4,NaT,2,0,2,0,1,1,2
1292,1288,5,NaT,0,1,1,0,1,0,2
1293,1291,5,NaT,1,1,2,2,1,0,2
1294,1291,5,NaT,0,1,0,2,0,0,2
1295,1291,5,NaT,0,1,0,2,0,0,2
1296,1291,5,NaT,0,1,1,2,1,0,2
1297,1291,5,NaT,0,1,0,2,0,0,2
1298,1291,5,NaT,0,1,0,2,0,0,2
1299,1289,5,NaT,1,0,2,1,1,0,2
1300,1289,5,NaT,0,0,0,1,0,0,2
1301,1289,5,NaT,0,0,0,1,0,0,2
1302,1289,5,NaT,0,0,0,1,0,0,2
1303,1289,5,NaT,0,0,0,1,0,0,2
1304,1290,5,NaT,0,0,0,1,0,0,2
1305,1290,5,NaT,0,0,1,1,1,0,2
1306,1290,5,NaT,0,0,0,1,0,0,2
1307,1287,5,NaT,0,1,0,1,0,0,2
1308,1287,5,NaT,0,1,0,1,0,0,2
1309,1287,5,NaT,0,1,0,1,0,0,2
1310,1287,5,NaT,0,1,0,1,0,0,2
1311,989,4,NaT,0,0,0,0,0,1,10
1312,1311,4,NaT,0,0,0,0,0,0,12
1313,1311,4,NaT,0,0,0,0,0,0,11
1314,1313,4,NaT,0,0,1,0,1,1,1
1315,1311,4,NaT,0,0,0,0,0,0,11
1316,1315,4,NaT,0,0,1,0,1,0,1
1317,1315,4,NaT,0,0,1,0,1,1,1
1318,1311,4,NaT,0,0,0,0,0,1,11
1319,1318,4,NaT,1,0,2,0,2,0,1
1320,1318,4,NaT,0,0,1,0,2,0,1
1321,1318,4,NaT,0,0,1,0,3,1,2
1322,1318,5,NaT,0,1,0,0,0,0,3
1323,1321,5,NaT,0,1,0,1,0,0,2
1324,1321,5,NaT,0,1,0,1,0,0,2
1325,1321,5,NaT,0,1,0,1,0,0,2
1326,1319,5,NaT,0,0,0,2,0,0,2
1327,1320,5,NaT,1,0,2,1,1,0,2
1328,1320,5,NaT,0,0,0,1,0,0,2
1329,1320,5,NaT,0,0,0,1,0,0,2
1330,1317,5,NaT,0,1,0,1,0,0,11
1331,1330,5,NaT,0,1,0,1,0,0,3
1332,1330,5,NaT,0,1,0,1,0,1,3
1333,1317,5,NaT,0,1,0,1,0,0,11
1334,1333,5,NaT,0,1,0,1,0,0,3
1335,1333,5,NaT,0,1,0,1,0,0,3
1336,1333,5,NaT,0,1,0,1,0,0,3
1337,1333,5,NaT,0,1,0,1,0,1,3
1338,1317,5,NaT,0,1,0,1,0,0,11
1339,1316,5,NaT,0,0,0,1,0,0,3
1340,1320,5,NaT,0,0,0,1,0,1,10
1341,1340,5,NaT,0,0,0,1,0,0,1
1342,1340,5,NaT,0,0,0,1,0,0,1
1343,1317,5,NaT,0,1,0,1,0,1,10
1344,1316,5,NaT,0,0,0,1,0,1,10
1345,990,4,NaT,0,0,0,0,0,1,10
1346,1345,4,NaT,0,0,1,0,1,0,12
1347,1345,4,NaT,0,0,0,0,0,1,12
1348,1347,4,NaT,0,0,1,0,2,0,2
1349,1347,4,NaT,1,0,2,0,1,0,2
1350,1347,4,NaT,1,0,2,0,2,1,2
1351,1347,5,NaT,1,1,2,0,1,0,2
1352,1350,5,NaT,0,1,1,2,1,0,3
1353,1350,5,NaT,0,1,0,2,0,0,3
1354,1350,5,NaT,0,1,1,2,1,0,3
1355,1350,5,NaT,0,1,1,2,1,0,3
1356,1350,5,NaT,0,1,0,2,0,0,3
1357,1350,5,NaT,0,1,0,2,0,0,3
1358,1350,5,NaT,0,1,0,2,0,0,3
1359,1350,5,NaT,0,1,0,2,0,0,3
1360,1350,5,NaT,0,1,0,2,0,0,3
1361,1350,5,NaT,0,1,0,2,0,0,3
1362,1348,5,NaT,0,0,0,1,0,0,3
1363,1348,5,NaT,0,0,0,1,0,0,3
1364,1348,5,NaT,0,0,0,1,0,0,3
1365,1348,5,NaT,0,0,0,1,0,0,3
1366,1349,5,NaT,0,0,0,2,0,0,3
1367,1349,5,NaT,0,0,0,2,0,0,3
