cycle,is_terminal,is_apical,appearance_month,ancestor_nature,ancestor_is_apical,id,parent_id
3,0,1,NA,NA,NA,0,NA
3,0,0,NA,NA,NA,1,0
3,0,1,NA,NA,NA,2,1
3,0,0,NA,NA,NA,3,2
3,0,1,NA,NA,NA,4,3
3,1,1,NA,NA,NA,5,4
3,0,0,NA,NA,NA,6,2
3,0,1,NA,NA,NA,7,6
3,1,0,NA,NA,NA,8,7
3,1,1,NA,NA,NA,9,7
3,0,0,NA,NA,NA,10,2
3,0,0,NA,NA,NA,11,10
3,1,1,NA,NA,NA,12,11
3,0,0,NA,NA,NA,13,10
3,1,0,NA,NA,NA,14,13
3,1,1,NA,NA,NA,15,13
3,0,1,NA,NA,NA,16,10
3,1,1,NA,NA,NA,17,16
3,0,1,NA,NA,NA,18,2
3,0,0,NA,NA,NA,19,18
3,0,1,NA,NA,NA,20,19
3,1,0,NA,NA,NA,21,20
3,1,1,NA,NA,NA,22,20
3,0,0,NA,NA,NA,23,18
3,0,0,NA,NA,NA,24,23
3,1,1,NA,NA,NA,25,24
3,0,1,NA,NA,NA,26,23
3,1,1,NA,NA,NA,27,26
3,0,1,NA,NA,NA,28,18
3,1,1,NA,NA,NA,29,28
4,0,0,12,1,1,30,5
4,1,1,2,1,1,31,30
5,1,0,3,2,1,32,31
5,1,0,3,2,1,33,31
5,1,0,3,2,1,34,31
5,1,0,3,2,1,35,31
4,1,0,12,1,1,36,5
5,1,1,3,0,0,37,36
4,1,0,12,1,1,38,5
5,1,1,9,0,0,39,38
4,1,0,12,1,1,40,5
5,0,1,9,0,0,41,40
5,1,1,3,0,0,42,41
4,0,0,10,0,1,43,27
4,1,0,12,0,1,44,43
4,1,0,10,0,1,45,27
4,0,0,10,0,1,46,27
4,1,1,12,0,1,47,46
5,1,1,10,1,1,48,47
4,0,0,10,0,1,49,27
4,1,1,12,0,1,50,49
5,1,0,3,2,1,51,50
5,1,0,3,2,1,52,50
5,0,1,10,2,1,53,50
5,1,0,3,2,1,54,53
4,0,0,10,0,1,55,29
4,1,0,12,0,1,56,55
4,1,0,12,0,1,57,55
4,1,0,10,0,1,58,29
4,1,0,10,0,1,59,29
4,1,0,10,0,1,60,2
4,0,0,10,0,1,61,9
4,0,1,12,0,1,62,61
4,1,0,3,0,1,63,62
4,1,0,3,0,1,64,62
4,1,1,3,0,1,65,62
5,1,0,3,1,1,66,65
5,1,0,3,1,1,67,65
5,1,0,3,1,1,68,65
5,1,0,3,1,1,69,65
5,1,0,3,1,1,70,65
5,1,0,3,1,1,71,65
5,1,0,3,2,0,72,63
5,1,0,3,1,0,73,64
5,1,0,3,1,0,74,64
5,1,0,3,1,0,75,64
4,0,0,10,0,1,76,9
4,0,1,12,0,1,77,76
4,1,1,4,0,1,78,77
4,0,0,10,0,1,79,9
4,1,1,12,0,1,80,79
5,1,0,3,0,1,81,80
5,1,0,3,0,1,82,80
5,1,0,3,0,1,83,80
4,0,0,10,0,1,84,9
4,0,1,12,0,1,85,84
4,1,1,3,0,1,86,85
5,1,0,3,2,1,87,86
5,1,0,3,2,1,88,86
5,1,0,3,2,1,89,86
5,1,0,3,2,1,90,86
5,1,0,3,2,1,91,86
5,1,0,3,2,1,92,86
4,0,0,10,0,1,93,17
4,1,1,12,0,1,94,93
4,1,0,10,0,1,95,17
4,0,0,10,0,1,96,17
4,0,1,12,0,1,97,96
4,1,0,4,0,1,98,97
4,1,1,4,0,1,99,97
5,1,0,3,0,1,100,97
4,0,0,10,0,1,101,17
4,0,1,12,0,1,102,101
4,1,0,4,0,1,103,102
4,1,0,4,0,1,104,102
4,1,0,4,0,1,105,102
4,1,1,4,0,1,106,102
5,1,0,3,0,1,107,106
5,1,0,3,1,0,108,103
5,1,0,3,1,0,109,104
5,1,0,3,1,0,110,104
5,1,0,3,1,0,111,104
5,1,0,3,1,0,112,104
5,1,0,3,1,0,113,104
5,1,0,3,1,0,114,104
4,1,0,10,0,1,115,18
4,1,0,10,0,1,116,18
4,0,0,10,0,1,117,22
4,0,0,12,0,1,118,117
4,1,0,3,0,1,119,118
4,1,1,3,0,1,120,118
4,0,1,12,0,1,121,117
4,1,1,3,0,1,122,121
5,1,0,3,1,1,123,122
5,1,0,3,1,1,124,122
5,1,0,3,1,1,125,122
5,1,0,3,1,1,126,122
5,1,0,3,1,1,127,120
5,1,0,3,1,1,128,120
4,1,0,12,0,1,129,25
4,1,0,12,0,1,130,25
4,1,0,12,0,1,131,12
4,1,0,10,0,0,132,11
4,0,0,10,0,1,133,15
4,0,1,12,0,1,134,133
4,1,1,4,0,1,135,134
5,1,0,3,0,1,136,134
4,0,0,10,0,1,137,15
4,0,1,12,0,1,138,137
4,1,0,4,0,1,139,138
4,1,0,4,0,1,140,138
4,1,1,4,0,1,141,138
5,1,0,3,1,1,142,141
5,1,0,3,1,1,143,141
5,1,0,3,1,1,144,141
5,1,0,3,1,1,145,141
5,1,0,3,1,1,146,141
4,0,0,10,0,0,147,14
4,0,1,12,0,0,148,147
4,1,0,4,0,0,149,148
4,1,1,4,0,0,150,148
5,1,0,3,1,0,151,149
4,0,1,10,0,1,152,27
4,1,0,12,0,1,153,152
5,1,0,3,1,0,154,153
5,1,0,3,1,0,155,153
5,1,0,3,1,0,156,153
5,1,0,3,1,0,157,153
5,1,1,9,0,1,158,152
4,0,1,10,0,1,159,29
4,1,1,12,0,1,160,159
5,1,0,3,0,1,161,159
4,0,1,10,0,1,162,9
4,0,0,12,0,1,163,162
4,1,1,4,0,1,164,163
4,0,1,12,0,1,165,162
4,1,0,4,0,1,166,165
4,1,1,4,0,1,167,165
5,0,0,2,1,1,168,167
5,1,1,3,1,1,169,168
5,0,0,2,1,1,170,167
5,1,0,3,1,1,171,170
5,1,0,3,1,1,172,170
5,1,0,3,1,1,173,170
5,1,0,3,1,1,174,170
5,1,1,3,1,1,175,170
5,1,0,2,1,1,176,167
5,0,0,2,1,1,177,167
5,1,0,3,1,1,178,177
5,1,0,3,1,1,179,177
5,1,0,3,1,1,180,177
5,1,1,3,1,1,181,177
5,0,0,2,1,1,182,167
5,1,1,3,1,1,183,182
5,1,0,3,1,0,184,166
5,1,0,3,1,0,185,166
5,1,0,3,1,0,186,166
5,1,0,3,1,0,187,166
5,1,0,3,1,0,188,166
5,1,0,3,2,1,189,164
5,1,0,3,2,1,190,164
5,1,0,3,2,1,191,164
5,1,0,3,2,1,192,164
4,0,1,10,0,0,193,8
4,1,0,12,0,0,194,193
4,1,0,12,0,0,195,193
5,1,0,3,1,0,196,195
5,1,0,3,1,0,197,195
5,1,0,3,1,0,198,195
5,1,0,3,1,0,199,195
4,0,1,10,0,1,200,17
4,0,1,12,0,1,201,200
4,1,0,4,0,1,202,201
4,1,0,4,0,1,203,201
4,1,0,4,0,1,204,201
4,1,0,4,0,1,205,201
4,1,1,4,0,1,206,201
5,1,0,3,1,1,207,206
5,1,0,3,1,1,208,206
5,1,0,3,1,1,209,206
5,1,0,3,1,1,210,206
5,1,0,3,1,0,211,203
5,1,0,3,1,0,212,203
4,0,1,10,0,1,213,22
4,0,0,12,0,1,214,213
4,1,0,3,0,1,215,214
4,1,1,3,0,1,216,214
4,0,0,12,0,1,217,213
4,1,0,3,0,1,218,217
4,1,0,3,0,1,219,217
4,1,1,3,0,1,220,217
4,0,1,12,0,1,221,213
4,1,0,3,0,1,222,221
4,1,0,3,0,1,223,221
4,1,1,3,0,1,224,221
5,1,0,3,2,1,225,224
5,1,0,3,2,1,226,224
5,1,0,3,2,1,227,224
5,1,0,3,2,1,228,224
5,1,0,3,1,0,229,223
5,1,0,3,1,0,230,223
5,1,0,3,1,0,231,223
5,1,0,3,1,1,232,216
5,1,0,3,1,1,233,216
5,1,0,3,1,1,234,216
5,1,0,3,1,1,235,216
5,1,0,3,1,1,236,216
5,1,0,3,1,1,237,216
5,1,0,3,2,0,238,215
5,1,0,3,1,1,239,220
5,0,0,2,1,1,240,220
5,1,1,3,1,1,241,240
5,0,0,2,1,1,242,220
5,1,1,3,1,1,243,242
5,1,0,3,2,0,244,218
5,1,0,3,2,0,245,218
4,1,1,10,0,0,246,21
4,0,1,12,0,1,247,12
4,1,0,4,0,1,248,247
4,1,1,4,0,1,249,247
4,0,1,10,0,0,250,14
4,1,0,12,0,0,251,250
4,0,0,12,0,0,252,250
4,1,1,4,0,0,253,252
4,0,1,12,0,0,254,250
4,1,0,4,0,0,255,254
4,1,0,4,0,0,256,254
4,1,0,4,0,0,257,254
4,1,1,4,0,0,258,254
5,1,0,3,2,1,259,258
5,1,0,3,2,1,260,258
5,1,0,3,2,1,261,258
5,1,0,3,2,1,262,258
5,1,0,3,2,1,263,258
5,1,0,3,2,1,264,258
5,1,0,3,2,1,265,258
5,1,0,3,1,0,266,255
5,1,0,3,1,0,267,255
5,1,0,3,1,0,268,255
5,1,0,3,1,0,269,257
5,1,0,3,1,0,270,257
5,1,0,3,1,0,271,257
5,1,0,3,1,0,272,257
5,1,0,3,1,1,273,253
5,1,0,3,1,1,274,253
5,0,0,2,1,1,275,253
5,1,1,3,1,1,276,275
5,0,0,2,1,1,277,253
5,1,1,3,1,1,278,277
3,0,0,NA,NA,NA,279,0
3,0,1,NA,NA,NA,280,279
3,0,0,NA,NA,NA,281,280
3,0,1,NA,NA,NA,282,281
3,0,1,NA,NA,NA,283,282
3,1,1,NA,NA,NA,284,283
3,0,0,NA,NA,NA,285,280
3,0,1,NA,NA,NA,286,285
3,0,1,NA,NA,NA,287,286
3,1,0,NA,NA,NA,288,287
3,1,0,NA,NA,NA,289,287
3,1,1,NA,NA,NA,290,287
3,0,0,NA,NA,NA,291,280
3,0,1,NA,NA,NA,292,291
3,0,1,NA,NA,NA,293,292
3,1,0,NA,NA,NA,294,293
3,1,0,NA,NA,NA,295,293
3,1,0,NA,NA,NA,296,293
3,1,0,NA,NA,NA,297,293
3,1,0,NA,NA,NA,298,293
3,1,1,NA,NA,NA,299,293
3,1,0,NA,NA,NA,300,280
3,0,1,NA,NA,NA,301,280
3,0,1,NA,NA,NA,302,301
3,0,1,NA,NA,NA,303,302
3,1,0,NA,NA,NA,304,303
3,1,0,NA,NA,NA,305,303
3,1,0,NA,NA,NA,306,303
3,1,0,NA,NA,NA,307,303
3,1,0,NA,NA,NA,308,303
3,1,1,NA,NA,NA,309,303
4,0,0,12,1,1,310,309
4,1,1,2,1,1,311,310
5,1,0,3,0,0,312,310
5,1,0,3,2,1,313,311
5,1,0,3,2,1,314,311
5,1,0,3,1,0,315,304
5,1,0,3,1,0,316,305
5,1,0,3,1,0,317,306
5,1,0,3,2,0,318,307
5,1,0,3,0,0,319,308
4,0,0,10,0,1,320,299
4,0,1,11,0,1,321,320
4,1,1,1,0,1,322,321
5,1,0,3,0,1,323,322
5,1,0,3,0,1,324,322
5,1,0,3,0,1,325,322
5,1,0,3,0,1,326,322
5,1,0,3,0,1,327,322
5,1,0,3,0,1,328,322
4,1,0,10,0,0,329,297
4,0,0,10,0,0,330,297
4,0,1,12,0,0,331,330
4,1,1,2,0,0,332,331
5,1,0,3,0,1,333,331
5,1,0,3,2,1,334,332
5,1,0,3,2,1,335,332
5,1,0,3,2,1,336,332
5,1,0,3,2,1,337,332
5,1,0,3,2,1,338,332
5,1,0,3,2,1,339,332
4,0,0,11,0,1,340,284
4,1,1,1,0,1,341,340
4,1,1,10,1,1,342,309
4,0,1,10,0,1,343,299
4,0,1,11,0,1,344,343
4,1,0,1,0,1,345,344
4,1,1,1,0,1,346,344
5,1,0,3,2,1,347,346
5,1,0,3,2,1,348,346
5,1,0,3,2,1,349,346
5,1,0,3,2,1,350,346
5,1,0,3,2,1,351,346
5,1,0,3,2,1,352,346
5,1,0,3,2,1,353,346
5,1,0,3,2,1,354,346
5,1,0,3,2,0,355,345
5,1,0,3,2,0,356,345
5,1,0,3,2,0,357,345
4,0,1,10,0,0,358,295
4,0,1,12,0,0,359,358
4,1,0,2,0,0,360,359
4,1,1,2,0,0,361,359
5,1,0,3,2,1,362,361
5,1,0,3,2,1,363,361
5,1,0,3,2,1,364,361
5,1,0,3,2,1,365,361
4,0,1,10,0,0,366,296
4,0,0,11,0,0,367,366
4,1,1,1,0,0,368,367
4,0,1,11,0,0,369,366
4,1,1,1,0,0,370,369
5,1,0,3,1,1,371,370
5,1,0,3,1,1,372,370
5,1,0,3,1,1,373,370
5,1,0,3,1,1,374,370
5,1,0,3,1,1,375,370
5,1,0,3,2,1,376,368
5,1,0,3,2,1,377,368
5,1,0,3,2,1,378,368
5,1,0,3,2,1,379,368
5,1,0,3,2,1,380,368
5,1,0,3,2,1,381,368
5,1,0,3,2,1,382,368
4,0,1,10,0,0,383,297
4,0,1,11,0,0,384,383
4,1,0,1,0,0,385,384
4,1,0,1,0,0,386,384
4,1,0,1,0,0,387,384
4,1,0,1,0,0,388,384
4,1,0,1,0,0,389,384
4,1,1,1,0,0,390,384
5,1,0,3,2,1,391,390
5,1,0,3,2,1,392,390
5,1,0,3,2,1,393,390
5,1,0,3,2,1,394,390
5,1,0,3,2,1,395,390
5,1,0,3,2,1,396,390
5,1,0,3,2,1,397,390
5,1,0,3,1,0,398,386
5,1,0,3,1,0,399,386
5,1,0,3,1,0,400,386
5,1,0,3,1,0,401,386
5,1,0,3,1,0,402,386
5,1,0,3,1,0,403,387
5,1,0,3,1,0,404,387
5,1,0,3,1,0,405,387
5,1,0,3,1,0,406,387
5,1,0,3,1,0,407,388
5,1,0,3,1,0,408,388
5,1,0,3,1,0,409,388
5,1,0,3,1,0,410,388
5,1,0,3,1,0,411,389
5,1,0,3,1,0,412,389
4,0,1,10,0,1,413,284
4,0,0,11,0,1,414,413
4,1,1,1,0,1,415,414
4,0,0,11,0,1,416,413
4,1,1,1,0,1,417,416
4,0,1,11,0,1,418,413
4,1,1,1,0,1,419,418
3,0,0,NA,NA,NA,420,0
3,0,1,NA,NA,NA,421,420
3,0,0,NA,NA,NA,422,421
3,0,1,NA,NA,NA,423,422
3,1,1,NA,NA,NA,424,423
3,0,0,NA,NA,NA,425,421
3,0,1,NA,NA,NA,426,425
3,1,0,NA,NA,NA,427,426
3,1,0,NA,NA,NA,428,426
3,1,1,NA,NA,NA,429,426
4,0,0,7,0,1,430,421
4,1,1,9,0,1,431,430
4,1,0,10,0,0,432,422
5,1,0,3,0,0,433,432
4,1,0,9,0,0,434,422
4,0,0,2,1,1,435,424
4,1,1,4,1,1,436,435
4,1,0,2,1,1,437,424
4,1,0,2,1,1,438,424
5,1,0,3,0,1,439,423
5,1,0,3,0,1,440,423
5,1,0,3,0,1,441,423
5,0,0,9,2,1,442,429
5,1,1,3,2,1,443,442
5,0,0,9,2,1,444,429
5,1,1,3,2,1,445,444
5,1,0,9,2,1,446,429
5,0,0,9,2,1,447,429
5,1,1,3,2,1,448,447
5,1,0,3,1,0,449,427
3,0,0,NA,NA,NA,450,0
3,0,0,NA,NA,NA,451,450
3,0,1,NA,NA,NA,452,451
3,0,0,NA,NA,NA,453,452
3,0,1,NA,NA,NA,454,453
3,1,1,NA,NA,NA,455,454
3,0,1,NA,NA,NA,456,452
3,0,0,NA,NA,NA,457,456
3,1,1,NA,NA,NA,458,457
3,0,0,NA,NA,NA,459,456
3,1,1,NA,NA,NA,460,459
3,0,0,NA,NA,NA,461,456
3,1,0,NA,NA,NA,462,461
3,1,1,NA,NA,NA,463,461
3,0,1,NA,NA,NA,464,456
3,1,0,NA,NA,NA,465,464
3,1,0,NA,NA,NA,466,464
3,1,0,NA,NA,NA,467,464
3,1,1,NA,NA,NA,468,464
3,0,0,NA,NA,NA,469,450
3,0,1,NA,NA,NA,470,469
3,0,1,NA,NA,NA,471,470
3,1,0,NA,NA,NA,472,471
3,1,0,NA,NA,NA,473,471
3,1,1,NA,NA,NA,474,471
3,0,1,NA,NA,NA,475,450
3,0,0,NA,NA,NA,476,475
3,0,1,NA,NA,NA,477,476
3,0,1,NA,NA,NA,478,477
3,1,0,NA,NA,NA,479,478
3,1,1,NA,NA,NA,480,478
3,0,0,NA,NA,NA,481,475
3,0,1,NA,NA,NA,482,481
3,0,1,NA,NA,NA,483,482
3,1,0,NA,NA,NA,484,483
3,1,0,NA,NA,NA,485,483
3,1,0,NA,NA,NA,486,483
3,1,1,NA,NA,NA,487,483
3,0,0,NA,NA,NA,488,475
3,0,1,NA,NA,NA,489,488
3,0,1,NA,NA,NA,490,489
3,1,1,NA,NA,NA,491,490
3,0,0,NA,NA,NA,492,475
3,0,1,NA,NA,NA,493,492
3,0,1,NA,NA,NA,494,493
3,1,0,NA,NA,NA,495,494
3,1,1,NA,NA,NA,496,494
3,0,0,NA,NA,NA,497,475
3,0,1,NA,NA,NA,498,497
3,0,1,NA,NA,NA,499,498
3,1,1,NA,NA,NA,500,499
3,0,1,NA,NA,NA,501,475
3,0,0,NA,NA,NA,502,501
3,0,1,NA,NA,NA,503,502
3,1,0,NA,NA,NA,504,503
3,1,0,NA,NA,NA,505,503
3,1,0,NA,NA,NA,506,503
3,1,0,NA,NA,NA,507,503
3,1,0,NA,NA,NA,508,503
3,1,0,NA,NA,NA,509,503
3,1,1,NA,NA,NA,510,503
3,0,0,NA,NA,NA,511,501
3,0,1,NA,NA,NA,512,511
3,1,1,NA,NA,NA,513,512
3,0,0,NA,NA,NA,514,501
3,0,1,NA,NA,NA,515,514
3,1,1,NA,NA,NA,516,515
3,0,1,NA,NA,NA,517,501
3,0,0,NA,NA,NA,518,517
3,1,1,NA,NA,NA,519,518
3,0,0,NA,NA,NA,520,517
3,1,1,NA,NA,NA,521,520
3,0,1,NA,NA,NA,522,517
3,1,0,NA,NA,NA,523,522
3,1,1,NA,NA,NA,524,522
4,0,0,11,1,1,525,468
4,1,0,1,1,1,526,525
4,1,1,1,1,1,527,525
5,1,0,3,2,1,528,527
5,1,0,3,2,1,529,527
5,1,0,3,2,1,530,527
5,1,0,3,2,1,531,527
5,1,0,3,2,1,532,527
5,1,0,3,1,0,533,526
4,0,0,11,1,1,534,468
4,1,0,1,1,1,535,534
4,1,1,1,1,1,536,534
5,1,0,3,2,1,537,536
4,1,0,2,1,0,538,466
5,1,0,3,1,0,539,538
4,0,0,11,0,0,540,467
4,1,1,1,0,0,541,540
4,0,0,10,0,1,542,491
4,0,1,11,0,1,543,542
4,0,0,12,0,1,544,543
4,1,1,1,0,1,545,544
4,1,0,1,0,1,546,543
4,1,1,1,0,1,547,543
5,1,0,3,2,1,548,547
5,1,0,3,2,1,549,547
5,1,0,3,2,1,550,547
5,1,0,3,2,1,551,547
5,1,0,3,2,1,552,547
5,1,0,3,2,1,553,547
5,1,0,3,2,1,554,547
5,1,0,3,2,1,555,547
5,1,0,3,2,0,556,544
5,1,0,3,2,0,557,544
5,1,0,3,1,1,558,545
5,1,0,3,1,1,559,545
5,0,0,3,1,1,560,545
5,1,0,3,1,1,561,545
5,1,0,3,1,1,562,545
5,1,0,3,1,0,563,546
5,1,0,3,1,0,564,546
4,0,0,10,0,1,565,491
4,0,1,11,0,1,566,565
4,1,0,1,0,1,567,566
4,1,0,1,0,1,568,566
4,1,1,1,0,1,569,566
5,0,0,11,1,1,570,569
5,1,0,3,1,1,571,570
5,1,0,3,1,1,572,570
5,1,0,3,1,1,573,570
5,1,1,3,1,1,574,570
5,0,0,11,1,1,575,569
5,1,0,3,1,1,576,575
5,1,0,3,1,1,577,575
5,1,1,3,1,1,578,575
5,1,0,3,1,1,579,569
5,1,0,3,1,1,580,569
5,1,0,3,1,1,581,569
5,0,0,11,1,0,582,567
5,0,1,1,1,0,583,582
5,1,0,3,1,0,584,583
5,1,0,3,1,0,585,583
5,1,0,3,1,0,586,583
5,1,0,3,1,0,587,583
5,1,0,3,1,0,588,583
5,1,1,3,1,0,589,583
5,0,0,11,1,0,590,567
5,1,1,3,1,0,591,590
4,1,0,10,0,1,592,491
4,1,0,12,1,1,593,513
4,0,0,12,1,1,594,521
4,1,1,2,1,1,595,594
4,1,0,12,1,1,596,496
5,1,1,3,0,0,597,596
4,1,0,12,1,0,598,495
4,0,0,10,0,1,599,500
4,0,1,11,0,1,600,599
4,1,1,1,0,1,601,600
5,1,0,3,2,1,602,601
5,1,0,3,2,1,603,601
4,0,0,10,0,1,604,500
4,0,1,11,0,1,605,604
4,1,0,1,0,1,606,605
4,1,0,1,0,1,607,605
4,1,1,1,0,1,608,605
5,1,0,3,2,1,609,608
5,1,0,3,2,1,610,608
5,1,0,3,2,1,611,608
5,1,0,3,2,1,612,608
5,1,0,3,2,1,613,608
5,1,0,3,2,1,614,608
5,1,0,3,1,0,615,606
5,1,0,3,1,0,616,606
5,1,0,3,1,0,617,606
5,1,0,3,1,0,618,606
5,1,0,3,1,0,619,606
5,0,1,10,1,0,620,606
5,1,0,3,1,0,621,620
4,0,0,10,0,1,622,500
4,0,1,11,0,1,623,622
4,1,0,1,0,1,624,623
4,1,1,1,0,1,625,623
5,1,0,3,0,0,626,622
5,1,0,3,2,1,627,625
5,1,0,3,2,1,628,625
5,1,0,3,2,1,629,625
5,1,0,3,2,1,630,625
5,1,0,3,2,1,631,625
5,1,0,3,2,1,632,625
5,1,0,3,1,0,633,624
5,1,0,3,1,0,634,624
5,1,0,3,1,0,635,624
4,1,0,12,2,1,636,487
5,1,0,3,0,0,637,636
5,1,0,3,0,0,638,636
5,1,0,3,0,0,639,636
4,1,0,12,2,1,640,487
5,1,0,3,2,0,641,640
5,1,0,3,2,0,642,640
4,0,0,10,1,0,643,485
4,1,1,12,1,0,644,643
5,1,0,3,2,1,645,644
4,0,0,10,1,0,646,485
4,0,1,11,1,0,647,646
4,1,1,1,1,0,648,647
5,1,0,3,0,1,649,647
5,1,0,3,0,1,650,647
5,1,0,3,0,1,651,647
5,1,0,3,2,1,652,648
5,1,0,3,2,1,653,648
5,1,0,3,2,1,654,648
4,0,0,10,1,0,655,485
4,0,1,12,1,0,656,655
4,1,1,2,1,0,657,656
5,1,0,3,0,1,658,656
5,1,0,3,1,1,659,657
5,1,0,3,1,1,660,657
5,1,0,3,1,1,661,657
5,1,0,3,1,1,662,657
5,1,0,3,1,1,663,657
5,1,0,3,1,1,664,657
5,1,0,3,1,1,665,657
4,0,0,11,1,0,666,486
4,1,1,1,1,0,667,666
5,1,0,3,2,1,668,667
5,1,0,3,2,1,669,667
5,1,0,3,2,1,670,667
4,1,0,12,1,1,671,480
4,1,0,12,1,1,672,480
4,1,0,10,1,1,673,480
4,0,0,10,1,1,674,480
4,1,1,12,1,1,675,674
4,1,0,2,1,1,676,455
4,1,0,2,1,1,677,455
4,1,0,9,0,0,678,502
4,0,0,10,0,1,679,510
4,0,1,11,0,1,680,679
4,1,0,1,0,1,681,680
4,1,0,1,0,1,682,680
4,1,1,1,0,1,683,680
5,1,0,3,2,1,684,683
5,1,0,3,2,1,685,683
5,1,0,3,2,1,686,683
5,1,0,3,2,1,687,683
5,1,0,3,2,1,688,683
5,1,0,3,2,1,689,683
5,1,0,3,2,1,690,683
5,1,0,3,2,1,691,683
5,1,0,3,2,0,692,681
5,1,0,3,2,0,693,681
5,1,0,3,2,0,694,681
5,1,0,3,2,0,695,681
5,1,0,3,2,0,696,681
5,1,0,3,1,0,697,682
5,1,0,3,1,0,698,682
4,1,0,10,0,1,699,510
4,1,0,12,1,0,700,505
4,0,0,11,1,0,701,505
4,1,1,1,1,0,702,701
4,0,0,11,1,0,703,506
4,1,1,1,1,0,704,703
4,0,0,11,1,0,705,506
4,1,1,1,1,0,706,705
4,0,0,11,1,1,707,458
4,1,1,1,1,1,708,707
4,0,1,10,0,1,709,491
4,0,1,11,0,1,710,709
4,1,0,1,0,1,711,710
4,1,0,1,0,1,712,710
4,1,1,1,0,1,713,710
5,1,0,3,2,1,714,713
5,1,0,3,2,1,715,713
5,1,0,3,2,1,716,713
5,1,0,3,1,0,717,711
5,1,0,3,1,0,718,711
5,1,0,3,1,0,719,711
5,1,0,3,1,0,720,712
5,1,0,3,1,0,721,712
5,1,0,3,1,0,722,712
5,1,0,3,1,0,723,712
4,0,1,10,1,1,724,513
4,0,0,11,1,1,725,724
4,1,1,1,1,1,726,725
4,1,1,12,1,1,727,724
4,0,1,10,0,1,728,500
4,0,0,11,0,1,729,728
4,1,1,1,0,1,730,729
4,0,0,11,0,1,731,728
4,1,1,1,0,1,732,731
4,0,1,11,0,1,733,728
4,1,0,1,0,1,734,733
4,1,0,1,0,1,735,733
4,1,1,1,0,1,736,733
5,1,0,3,0,1,737,733
5,1,0,3,0,1,738,733
5,1,0,3,2,1,739,736
5,1,0,3,2,1,740,736
5,1,0,3,2,1,741,736
5,1,0,3,2,1,742,736
5,1,0,3,2,1,743,736
5,1,0,3,1,0,744,734
5,1,0,3,1,0,745,735
5,1,0,3,1,0,746,735
5,1,0,3,1,0,747,735
5,1,0,3,1,0,748,735
5,1,0,3,1,0,749,735
5,1,0,3,2,1,750,730
5,1,0,3,2,1,751,730
5,1,0,3,2,1,752,730
5,1,0,3,2,1,753,730
5,1,0,3,2,1,754,732
5,1,0,3,2,1,755,732
5,1,0,3,2,1,756,732
5,1,0,3,2,1,757,732
4,0,1,10,1,0,758,485
4,0,0,11,1,0,759,758
4,1,1,1,1,0,760,759
5,1,0,3,1,1,761,760
5,1,0,3,1,1,762,760
4,1,1,10,1,0,763,486
4,0,1,10,1,1,764,480
4,1,0,12,1,1,765,764
4,0,1,10,1,0,766,479
4,1,0,12,1,0,767,766
4,1,1,12,1,0,768,766
4,0,1,10,0,1,769,510
4,0,0,12,0,1,770,769
4,1,1,1,0,1,771,770
4,0,0,11,0,1,772,769
4,1,1,1,0,1,773,772
4,0,0,11,0,1,774,769
4,1,1,1,0,1,775,774
4,0,0,11,0,1,776,769
4,1,0,1,0,1,777,776
4,1,1,1,0,1,778,776
4,0,1,11,0,1,779,769
4,1,0,1,0,1,780,779
4,1,0,1,0,1,781,779
4,1,1,1,0,1,782,779
5,1,0,3,1,1,783,782
5,1,0,3,1,1,784,782
5,0,0,11,1,1,785,782
5,1,1,3,1,1,786,785
5,1,0,3,1,1,787,782
5,1,0,3,1,1,788,782
5,1,0,3,1,0,789,780
5,1,0,3,1,0,790,780
5,1,0,3,2,0,791,781
5,1,0,3,1,1,792,773
5,1,0,3,1,1,793,773
5,1,0,3,1,1,794,773
5,1,0,3,1,1,795,773
5,1,0,3,1,1,796,773
5,1,0,3,2,1,797,775
5,1,0,3,2,1,798,775
5,1,0,3,1,1,799,778
5,1,0,3,1,1,800,778
5,1,0,3,1,1,801,778
5,1,0,3,1,1,802,778
5,0,0,11,1,1,803,778
5,1,1,3,1,1,804,803
5,1,0,3,2,0,805,777
5,1,0,3,2,0,806,777
5,1,0,3,2,0,807,777
5,1,0,3,2,0,808,777
5,1,0,3,2,0,809,777
5,1,0,3,2,0,810,777
5,1,1,8,1,1,811,778
5,1,1,8,2,0,812,777
4,0,1,10,1,0,813,505
4,0,0,11,1,0,814,813
4,1,1,1,1,0,815,814
4,0,1,11,1,0,816,813
4,1,1,1,1,0,817,816
4,0,1,10,1,0,818,507
4,0,0,11,1,0,819,818
4,1,1,1,1,0,820,819
4,0,0,11,1,0,821,818
4,1,1,1,1,0,822,821
4,0,0,11,1,0,823,818
4,1,1,1,1,0,824,823
4,0,0,11,1,0,825,818
4,1,0,1,1,0,826,825
4,1,1,1,1,0,827,825
4,0,0,11,1,0,828,818
4,1,1,1,1,0,829,828
4,0,1,11,1,0,830,818
4,1,1,1,1,0,831,830
5,1,0,3,2,1,832,831
5,1,0,3,2,1,833,831
5,1,0,3,2,1,834,831
5,1,0,3,2,1,835,831
5,1,0,3,2,1,836,831
5,1,0,3,2,1,837,831
5,1,0,3,2,1,838,822
5,1,0,3,1,1,839,827
5,1,0,3,1,1,840,827
5,1,0,3,1,1,841,827
5,1,0,3,1,1,842,827
5,1,0,3,1,1,843,827
5,1,0,3,0,0,844,828
5,1,0,3,0,0,845,828
5,1,0,3,2,1,846,829
5,1,0,3,2,1,847,829
4,0,1,10,1,1,848,458
4,1,0,12,1,1,849,848
4,1,0,12,1,1,850,848
3,0,0,NA,NA,NA,851,0
3,0,0,NA,NA,NA,852,851
3,0,1,NA,NA,NA,853,852
3,0,1,NA,NA,NA,854,853
3,1,0,NA,NA,NA,855,854
3,1,0,NA,NA,NA,856,854
3,1,1,NA,NA,NA,857,854
3,0,1,NA,NA,NA,858,851
3,0,1,NA,NA,NA,859,858
3,0,0,NA,NA,NA,860,859
3,0,1,NA,NA,NA,861,860
3,0,0,NA,NA,NA,862,861
3,1,1,NA,NA,NA,863,862
3,0,1,NA,NA,NA,864,861
3,1,0,NA,NA,NA,865,864
3,1,0,NA,NA,NA,866,864
3,1,1,NA,NA,NA,867,864
3,0,1,NA,NA,NA,868,859
3,1,0,NA,NA,NA,869,868
3,1,0,NA,NA,NA,870,868
3,1,0,NA,NA,NA,871,868
3,1,1,NA,NA,NA,872,868
4,1,0,10,0,1,873,857
5,1,0,3,0,0,874,873
4,1,0,10,0,1,875,857
5,1,0,3,1,0,876,875
4,0,0,10,0,1,877,857
4,0,1,11,0,1,878,877
4,1,1,2,0,1,879,878
4,1,0,10,0,0,880,855
4,0,0,11,1,1,881,872
4,1,1,2,1,1,882,881
5,1,0,3,2,1,883,882
5,1,0,3,2,1,884,882
5,1,0,3,0,0,885,870
4,1,0,10,0,0,886,870
4,1,0,10,0,0,887,871
5,1,0,3,1,0,888,887
4,1,0,10,0,0,889,871
4,1,0,10,0,1,890,863
5,1,1,3,0,0,891,890
4,0,0,10,0,1,892,863
4,0,1,11,0,1,893,892
4,1,1,2,0,1,894,893
5,1,0,3,0,0,895,892
5,1,0,3,0,1,896,893
5,1,0,3,0,1,897,893
5,1,0,3,2,1,898,894
5,1,0,3,2,1,899,894
5,1,0,3,2,1,900,894
5,1,0,3,2,1,901,894
5,1,0,3,2,1,902,894
5,1,0,3,2,1,903,894
5,1,0,9,1,1,904,867
4,1,0,2,1,1,905,867
5,0,1,9,0,0,906,905
5,1,1,3,0,0,907,906
4,1,0,2,1,1,908,867
5,0,1,9,0,0,909,908
5,1,1,3,0,0,910,909
5,1,0,9,2,0,911,865
4,0,1,10,0,1,912,857
4,0,1,11,0,1,913,912
4,1,0,2,0,1,914,913
4,1,1,2,0,1,915,913
5,1,0,3,2,1,916,915
5,1,0,3,2,1,917,915
5,1,0,3,2,1,918,915
5,1,0,3,2,1,919,915
5,1,0,3,2,1,920,915
5,1,0,3,2,1,921,915
5,1,0,3,2,1,922,915
5,1,0,3,2,1,923,915
5,1,0,3,2,1,924,915
5,1,0,3,2,1,925,915
5,1,0,3,2,1,926,915
5,1,0,3,1,0,927,914
4,1,1,10,0,0,928,855
4,0,1,10,1,1,929,872
4,1,0,2,1,1,930,929
5,1,0,3,1,1,931,929
5,1,0,3,1,0,932,930
4,0,1,10,0,0,933,871
4,0,1,11,0,0,934,933
4,1,0,2,0,0,935,934
4,1,1,2,0,0,936,934
5,1,0,3,2,1,937,936
5,1,0,3,2,1,938,936
5,1,0,3,2,1,939,936
5,1,0,3,2,1,940,936
5,0,0,1,1,0,941,935
5,1,0,3,1,0,942,941
5,1,1,3,1,0,943,941
5,0,0,1,1,0,944,935
5,1,0,3,1,0,945,944
5,1,0,3,1,0,946,944
5,1,0,3,1,0,947,944
5,1,0,3,1,0,948,944
5,1,1,3,1,0,949,944
5,0,0,1,1,0,950,935
5,1,0,3,1,0,951,950
5,1,0,3,1,0,952,950
5,1,0,3,1,0,953,950
5,1,0,3,1,0,954,950
5,1,0,3,1,0,955,950
5,1,1,3,1,0,956,950
4,0,1,10,0,1,957,863
4,0,1,11,0,1,958,957
4,1,0,2,0,1,959,958
4,1,0,2,0,1,960,958
4,1,0,2,0,1,961,958
4,1,1,2,0,1,962,958
5,1,0,3,0,1,963,957
5,1,0,3,0,1,964,957
5,1,0,3,0,1,965,957
5,1,0,3,0,1,966,957
5,1,0,3,2,1,967,962
5,1,0,3,2,1,968,962
5,1,0,3,1,0,969,959
5,1,0,3,1,0,970,959
5,1,0,3,1,0,971,959
5,1,0,3,1,0,972,960
5,1,0,3,1,0,973,960
5,1,0,3,1,0,974,960
5,1,0,3,1,0,975,961
5,1,0,3,1,0,976,961
5,1,0,3,1,0,977,961
3,0,0,NA,NA,NA,978,0
3,0,1,NA,NA,NA,979,978
3,0,0,NA,NA,NA,980,979
3,0,1,NA,NA,NA,981,980
3,1,0,NA,NA,NA,982,981
3,0,1,NA,NA,NA,983,981
3,1,0,NA,NA,NA,984,983
3,1,1,NA,NA,NA,985,983
3,0,0,NA,NA,NA,986,979
3,0,1,NA,NA,NA,987,986
3,1,0,NA,NA,NA,988,987
3,1,0,NA,NA,NA,989,987
3,1,0,NA,NA,NA,990,987
3,1,1,NA,NA,NA,991,987
3,0,1,NA,NA,NA,992,979
3,0,0,NA,NA,NA,993,992
3,1,1,NA,NA,NA,994,993
3,0,1,NA,NA,NA,995,992
3,1,0,NA,NA,NA,996,995
3,1,0,NA,NA,NA,997,995
3,1,0,NA,NA,NA,998,995
3,1,1,NA,NA,NA,999,995
5,1,0,3,0,1,1000,985
4,0,0,10,0,1,1001,985
4,0,0,11,0,1,1002,1001
4,1,1,2,0,1,1003,1002
4,1,0,12,0,1,1004,1001
4,1,0,10,0,1,1005,999
4,0,0,10,0,1,1006,999
4,0,1,12,0,1,1007,1006
4,1,1,2,0,1,1008,1007
5,1,0,3,1,1,1009,1008
5,0,0,1,1,1,1010,1008
5,1,1,3,1,1,1011,1010
4,0,0,10,0,1,1012,999
4,0,0,11,0,1,1013,1012
4,1,1,1,0,1,1014,1013
4,1,0,12,0,1,1015,1012
4,1,0,12,0,1,1016,1012
4,0,1,11,0,1,1017,1012
4,1,0,1,0,1,1018,1017
4,1,0,1,0,1,1019,1017
4,1,0,1,0,1,1020,1017
4,1,1,1,0,1,1021,1017
5,0,0,9,0,1,1022,1021
5,0,1,11,0,1,1023,1022
5,1,1,2,0,1,1024,1023
5,0,0,9,0,1,1025,1021
5,0,1,11,0,1,1026,1025
5,1,0,3,0,1,1027,1026
5,1,0,3,0,1,1028,1026
5,1,0,3,0,1,1029,1026
5,1,1,3,0,1,1030,1026
5,1,0,9,0,1,1031,1021
5,0,0,9,0,1,1032,1021
5,0,1,11,0,1,1033,1032
5,1,0,3,0,1,1034,1033
5,1,0,3,0,1,1035,1033
5,1,0,3,0,1,1036,1033
5,1,1,3,0,1,1037,1033
5,1,0,9,0,1,1038,1021
5,0,0,9,0,1,1039,1014
5,0,1,11,0,1,1040,1039
5,1,0,2,0,1,1041,1040
5,1,1,2,0,1,1042,1040
5,0,1,9,0,1,1043,1021
5,0,0,11,0,1,1044,1043
5,1,1,3,0,1,1045,1044
5,0,1,11,0,1,1046,1043
5,1,0,3,0,1,1047,1046
5,1,0,3,0,1,1048,1046
5,1,0,3,0,1,1049,1046
5,1,1,3,0,1,1050,1046
5,0,1,9,0,0,1051,1018
5,1,1,3,0,0,1052,1051
5,0,1,9,0,0,1053,1019
5,1,1,3,0,0,1054,1053
5,0,1,9,0,0,1055,1020
5,0,1,11,0,0,1056,1055
5,1,0,3,0,0,1057,1056
5,1,1,3,0,0,1058,1056
5,0,1,9,0,1,1059,1014
5,0,0,11,0,1,1060,1059
5,1,1,2,0,1,1061,1060
4,0,0,10,0,0,1062,998
4,1,1,12,0,0,1063,1062
4,0,0,10,0,1,1064,991
4,0,1,11,0,1,1065,1064
4,1,1,1,0,1,1066,1065
4,0,0,10,0,1,1067,991
4,0,1,11,0,1,1068,1067
4,1,1,1,0,1,1069,1068
4,0,0,10,0,1,1070,991
4,0,1,11,0,1,1071,1070
4,1,1,2,0,1,1072,1071
5,1,0,2,2,1,1073,1072
5,1,0,2,2,1,1074,1072
5,1,0,2,2,1,1075,1072
5,1,0,2,2,1,1076,1072
5,1,0,2,2,1,1077,1072
5,1,0,2,2,1,1078,1072
5,1,0,2,2,1,1079,1072
5,1,0,2,2,1,1080,1072
4,0,0,10,0,1,1081,991
4,1,1,12,0,1,1082,1081
4,1,0,10,0,0,1083,988
4,0,0,10,0,0,1084,988
4,0,1,11,0,0,1085,1084
4,1,1,2,0,0,1086,1085
5,1,0,3,2,1,1087,1086
5,1,0,3,2,1,1088,1086
5,1,0,3,2,1,1089,1086
5,1,0,3,2,1,1090,1086
5,1,0,3,2,1,1091,1086
5,1,0,3,2,1,1092,1086
5,1,0,3,2,1,1093,1086
5,1,0,3,2,1,1094,1086
4,0,0,10,0,0,1095,989
4,0,1,11,0,0,1096,1095
4,1,1,2,0,0,1097,1096
5,1,0,3,2,1,1098,1097
5,1,0,3,2,1,1099,1097
5,1,0,3,2,1,1100,1097
5,1,0,3,2,1,1101,1097
5,1,0,3,2,1,1102,1097
5,1,0,3,2,1,1103,1097
5,1,0,3,2,1,1104,1097
4,1,0,9,0,1,1105,987
4,0,1,10,0,0,1106,984
4,1,1,12,0,0,1107,1106
5,1,0,3,0,1,1108,1107
5,1,0,3,0,1,1109,1107
5,1,0,3,0,1,1110,1107
4,0,1,10,0,1,1111,999
4,1,0,12,0,1,1112,1111
4,1,0,12,0,1,1113,1111
4,0,0,11,0,1,1114,1111
4,1,1,2,0,1,1115,1114
4,0,0,11,0,1,1116,1111
4,1,0,1,0,1,1117,1116
4,1,1,1,0,1,1118,1116
4,0,0,11,0,1,1119,1111
4,1,0,1,0,1,1120,1119
4,1,1,1,0,1,1121,1119
4,1,0,12,0,1,1122,1111
4,0,1,11,0,1,1123,1111
4,1,0,1,0,1,1124,1123
4,1,0,1,0,1,1125,1123
4,1,0,1,0,1,1126,1123
4,1,0,1,0,1,1127,1123
4,1,0,1,0,1,1128,1123
4,1,1,1,0,1,1129,1123
5,0,0,9,1,1,1130,1129
5,0,1,11,1,1,1131,1130
5,1,0,3,1,1,1132,1131
5,1,1,3,1,1,1133,1131
5,1,0,3,1,1,1134,1129
5,0,0,9,1,0,1135,1125
5,0,1,11,1,0,1136,1135
5,1,1,3,1,0,1137,1136
5,0,0,9,0,0,1138,1126
5,1,1,3,0,0,1139,1138
5,1,0,3,1,0,1140,1127
5,1,0,3,1,0,1141,1127
5,1,0,3,1,0,1142,1127
5,0,0,3,1,0,1143,1127
5,1,0,3,2,1,1144,1115
5,1,0,3,2,1,1145,1115
5,0,0,9,0,1,1146,1121
5,0,1,11,0,1,1147,1146
5,0,1,1,0,1,1148,1147
5,1,0,3,0,1,1149,1148
5,1,0,3,0,1,1150,1148
5,1,0,3,0,1,1151,1148
5,1,0,3,0,1,1152,1148
5,0,0,9,0,1,1153,1121
5,0,1,11,0,1,1154,1153
5,0,1,1,0,1,1155,1154
5,1,0,3,0,1,1156,1155
5,1,0,3,0,1,1157,1155
5,1,1,3,0,1,1158,1155
5,0,0,9,0,1,1159,1121
5,0,1,10,0,1,1160,1159
5,0,1,1,0,1,1161,1160
5,1,0,3,0,1,1162,1161
5,1,0,3,0,1,1163,1161
5,1,0,3,0,1,1164,1161
5,1,0,3,0,1,1165,1161
5,1,0,3,0,1,1166,1161
5,1,1,3,0,1,1167,1161
5,0,1,10,1,1,1168,1129
5,1,0,3,1,1,1169,1168
5,0,1,10,1,0,1170,1125
5,1,1,3,1,0,1171,1170
5,0,1,9,0,0,1172,1126
5,0,1,11,0,0,1173,1172
5,1,0,3,0,0,1174,1173
5,1,0,3,0,0,1175,1173
5,1,0,3,0,0,1176,1173
5,1,1,3,0,0,1177,1173
5,0,1,8,1,0,1178,1128
5,0,1,9,0,1,1179,1118
5,0,0,11,0,1,1180,1179
5,1,1,3,0,1,1181,1180
5,0,1,11,0,1,1182,1179
5,1,1,3,0,1,1183,1182
5,0,1,9,0,0,1184,1117
5,1,1,11,0,0,1185,1184
5,0,1,9,0,1,1186,1121
5,0,1,11,0,1,1187,1186
5,0,0,1,0,1,1188,1187
5,1,0,3,0,1,1189,1188
5,1,0,3,0,1,1190,1188
5,1,0,3,0,1,1191,1188
5,1,1,3,0,1,1192,1188
5,0,1,1,0,1,1193,1187
5,1,0,3,0,1,1194,1193
5,1,0,3,0,1,1195,1193
5,1,0,3,0,1,1196,1193
5,1,0,3,0,1,1197,1193
5,1,0,3,0,1,1198,1193
5,1,0,3,0,1,1199,1193
5,1,1,3,0,1,1200,1193
5,0,1,9,0,0,1201,1120
5,0,1,1,0,0,1202,1201
5,1,0,3,0,0,1203,1202
5,1,0,3,0,0,1204,1202
5,1,0,3,0,0,1205,1202
5,1,1,3,0,0,1206,1202
4,1,1,10,0,0,1207,996
4,0,1,10,0,0,1208,997
4,0,0,12,0,0,1209,1208
4,1,0,4,0,0,1210,1209
4,1,1,4,0,0,1211,1209
4,0,0,12,0,0,1212,1208
4,1,1,4,0,0,1213,1212
4,0,1,12,0,0,1214,1208
4,1,1,4,0,0,1215,1214
5,1,0,3,1,1,1216,1215
5,0,0,9,0,1,1217,1211
5,0,1,11,0,1,1218,1217
5,1,0,3,0,1,1219,1218
5,1,0,3,0,1,1220,1218
5,1,0,3,0,1,1221,1218
5,1,1,3,0,1,1222,1218
5,0,0,9,0,1,1223,1211
5,1,1,3,0,1,1224,1223
5,0,1,9,0,1,1225,1211
5,1,1,3,0,1,1226,1225
5,0,1,9,0,0,1227,1210
5,1,1,3,0,0,1228,1227
4,0,1,10,0,0,1229,998
4,0,0,11,0,0,1230,1229
4,1,1,1,0,0,1231,1230
4,0,1,11,0,0,1232,1229
4,1,1,1,0,0,1233,1232
5,1,0,3,2,1,1234,1233
5,1,0,3,2,1,1235,1233
5,1,0,3,2,1,1236,1233
4,0,1,10,0,1,1237,991
4,0,0,11,0,1,1238,1237
4,1,0,1,0,1,1239,1238
4,1,1,1,0,1,1240,1238
4,0,0,11,0,1,1241,1237
4,1,1,1,0,1,1242,1241
4,0,0,11,0,1,1243,1237
4,1,1,1,0,1,1244,1243
4,0,1,11,0,1,1245,1237
4,1,0,1,0,1,1246,1245
4,1,0,1,0,1,1247,1245
4,1,1,2,0,1,1248,1245
5,0,0,9,1,1,1249,1248
5,1,1,3,1,1,1250,1249
5,0,0,9,1,1,1251,1248
5,1,1,2,1,1,1252,1251
5,1,0,2,1,0,1253,1246
5,1,0,2,1,0,1254,1246
5,0,0,10,1,0,1255,1246
5,1,0,2,1,0,1256,1246
5,0,0,9,1,0,1257,1246
5,1,0,2,1,0,1258,1257
5,1,1,2,1,0,1259,1257
5,1,0,2,2,0,1260,1247
5,1,0,3,2,1,1261,1240
5,1,0,3,2,1,1262,1240
5,1,0,3,2,1,1263,1240
5,1,0,3,2,1,1264,1240
5,0,0,11,2,1,1265,1240
5,1,1,3,2,1,1266,1265
5,1,0,3,1,0,1267,1239
5,1,0,3,1,1,1268,1242
5,1,0,3,1,1,1269,1242
5,1,0,3,1,1,1270,1242
5,1,0,3,1,1,1271,1242
5,1,0,3,1,1,1272,1242
5,1,0,3,2,1,1273,1244
5,1,0,3,2,1,1274,1244
5,0,1,10,1,1,1275,1248
5,1,0,3,1,1,1276,1275
5,1,0,3,1,1,1277,1275
5,1,1,3,1,1,1278,1275
5,1,1,10,2,1,1279,1240
5,0,1,10,1,0,1280,1239
5,1,0,3,1,0,1281,1280
5,1,0,3,1,0,1282,1280
5,1,0,3,1,0,1283,1280
5,1,1,3,1,0,1284,1280
4,0,1,10,0,0,1285,988
4,0,0,11,0,0,1286,1285
4,1,1,2,0,0,1287,1286
4,0,1,11,0,0,1288,1285
4,1,0,2,0,0,1289,1288
4,1,0,2,0,0,1290,1288
4,1,1,2,0,0,1291,1288
5,1,0,2,0,1,1292,1288
5,1,0,2,2,1,1293,1291
5,1,0,2,2,1,1294,1291
5,1,0,2,2,1,1295,1291
5,1,0,2,2,1,1296,1291
5,1,0,2,2,1,1297,1291
5,1,0,2,2,1,1298,1291
5,1,0,2,1,0,1299,1289
5,1,0,2,1,0,1300,1289
5,0,0,2,1,0,1301,1289
5,1,0,2,1,0,1302,1289
5,1,0,2,1,0,1303,1289
5,1,0,2,1,0,1304,1290
5,1,0,2,1,0,1305,1290
5,1,0,2,1,0,1306,1290
5,1,0,2,1,1,1307,1287
5,1,0,2,1,1,1308,1287
5,1,0,2,1,1,1309,1287
5,1,0,2,1,1,1310,1287
4,0,1,10,0,0,1311,989
4,1,0,12,0,0,1312,1311
4,0,0,11,0,0,1313,1311
4,1,1,1,0,0,1314,1313
4,0,0,11,0,0,1315,1311
4,1,0,1,0,0,1316,1315
4,1,1,1,0,0,1317,1315
4,0,1,11,0,0,1318,1311
4,1,0,1,0,0,1319,1318
4,1,0,1,0,0,1320,1318
4,1,1,2,0,0,1321,1318
5,1,0,3,0,1,1322,1318
5,1,0,2,1,1,1323,1321
5,1,0,2,1,1,1324,1321
5,1,0,2,1,1,1325,1321
5,1,0,2,2,0,1326,1319
5,1,0,2,1,0,1327,1320
5,1,0,2,1,0,1328,1320
5,1,0,2,1,0,1329,1320
5,0,0,11,1,1,1330,1317
5,1,0,3,1,1,1331,1330
5,1,1,3,1,1,1332,1330
5,0,0,11,1,1,1333,1317
5,1,0,3,1,1,1334,1333
5,1,0,3,1,1,1335,1333
5,1,0,3,1,1,1336,1333
5,1,1,3,1,1,1337,1333
5,1,0,11,1,1,1338,1317
5,1,0,3,1,0,1339,1316
5,0,1,10,1,0,1340,1320
5,1,0,1,1,0,1341,1340
5,1,0,1,1,0,1342,1340
5,1,1,10,1,1,1343,1317
5,1,1,10,1,0,1344,1316
4,0,1,10,0,0,1345,990
4,1,0,12,0,0,1346,1345
4,0,1,12,0,0,1347,1345
4,1,0,2,0,0,1348,1347
4,1,0,2,0,0,1349,1347
4,1,1,2,0,0,1350,1347
5,1,0,2,0,1,1351,1347
5,1,0,3,2,1,1352,1350
5,1,0,3,2,1,1353,1350
5,1,0,3,2,1,1354,1350
5,1,0,3,2,1,1355,1350
5,1,0,3,2,1,1356,1350
5,1,0,3,2,1,1357,1350
5,1,0,3,2,1,1358,1350
5,1,0,3,2,1,1359,1350
5,1,0,3,2,1,1360,1350
5,1,0,3,2,1,1361,1350
5,0,0,3,1,0,1362,1348
5,1,0,3,1,0,1363,1348
5,1,0,3,1,0,1364,1348
5,1,0,3,1,0,1365,1348
5,1,0,3,2,0,1366,1349
5,1,0,3,2,0,1367,1349
